player_name,0-0,15-0,15-15,30-0,40-0,30-15,30-30,40-30,40-40,0-40,0-15,0-30,40-15,15-30,15-40,30-40
Aaron_Krickstein,0.4,0.3,0.333333333333,0.142857142857,0.666666666667,0.625,0.428571428571,0.285714285714,0.444444444444,0.5,0.4,0.222222222222,0.5,0.714285714286,0.333333333333,0.0
Adam_Pavlasek,0.457831325301,0.549019607843,0.5,0.68,0.538461538462,0.421052631579,0.483870967742,0.48275862069,0.62962962963,0.0,0.58064516129,0.727272727273,0.555555555556,0.607142857143,0.625,0.555555555556
Adrian_Mannarino,0.454545454545,0.49765258216,0.488235294118,0.536764705882,0.494505494505,0.466216216216,0.504504504505,0.466019417476,0.464968152866,0.275862068966,0.572413793103,0.442307692308,0.478632478632,0.455555555556,0.509803921569,0.43023255814
Adrian_Menendez_Maceiras,0.0,0.0,0.0,0.0,0.0,0.0,0.0,0.0,0.0,0.0,0.0,0.0,0.0,0.0,0.0,0.0
Adrian_Ungur,0.0,0.0,0.0,0.0,0.0,0.0,0.0,0.0,0.0,0.0,0.0,0.0,0.0,0.0,0.0,0.0
Adriano_Panatta,0.0,0.0,0.0,0.0,0.0,0.0,0.0,0.0,0.0,0.0,0.0,0.0,0.0,0.0,0.0,0.0
Adrien_Bossel,0.285714285714,0.2,0.2,0.6,0.0,0.4,0.25,0.0,0.0,0.0,0.444444444444,0.5,0.6,0.4,1.0,0.333333333333
Agustin_Calleri,0.0,0.0,0.0,0.0,0.0,0.0,0.0,0.0,0.0,0.0,0.0,0.0,0.0,0.0,0.0,0.0
Agustin_Velotti,0.0,0.0,0.0,0.0,0.0,0.0,0.0,0.0,0.0,0.0,0.0,0.0,0.0,0.0,0.0,0.0
Akira_Santillan,0.545454545455,0.5625,0.571428571429,0.428571428571,0.428571428571,0.478260869565,0.521739130435,0.25,0.434782608696,0.666666666667,0.636363636364,0.25,0.666666666667,0.285714285714,0.6,0.461538461538
Albano_Olivetti,0.388888888889,0.428571428571,0.333333333333,0.25,0.0,0.3,0.4,0.2,0.6,1.0,0.5,0.0,0.714285714286,0.5,1.0,0.25
Albert_Costa,0.5375,0.377777777778,0.571428571429,0.5,0.5,0.58064516129,0.565217391304,0.421052631579,0.564102564103,0.111111111111,0.6,0.529411764706,0.5,0.625,0.5,0.333333333333
Albert_Montanes,0.304347826087,0.52380952381,0.304347826087,0.416666666667,0.777777777778,0.333333333333,0.2,0.333333333333,0.363636363636,0.333333333333,0.56,0.636363636364,0.461538461538,0.3125,0.3,0.333333333333
Albert_Portas,0.0,0.0,0.0,0.0,0.0,0.0,0.0,0.0,0.0,0.0,0.0,0.0,0.0,0.0,0.0,0.0
Albert_Ramos,0.43949044586,0.434343434343,0.47619047619,0.424242424242,0.412371134021,0.528925619835,0.477272727273,0.450549450549,0.466666666667,0.357142857143,0.472222222222,0.458333333333,0.443396226415,0.459459459459,0.378378378378,0.439393939394
Alberto_Berasategui,0.0,0.0,0.0,0.0,0.0,0.0,0.0,0.0,0.0,0.0,0.0,0.0,0.0,0.0,0.0,0.0
Alberto_Mancini,0.0,0.0,0.0,0.0,0.0,0.0,0.0,0.0,0.0,0.0,0.0,0.0,0.0,0.0,0.0,0.0
Aldin_Setkic,0.304347826087,0.388888888889,0.625,0.7,0.5,0.444444444444,0.666666666667,0.285714285714,0.5,1.0,0.0,0.75,0.625,0.5,0.25,0.666666666667
Alejandro_Falla,0.0,0.0,0.0,0.0,0.0,0.0,0.0,0.0,0.0,0.0,0.0,0.0,0.0,0.0,0.0,0.0
Alejandro_Gonzalez,0.47191011236,0.583333333333,0.577777777778,0.56,0.588235294118,0.457142857143,0.516129032258,0.75,0.519230769231,0.571428571429,0.365853658537,0.736842105263,0.454545454545,0.566666666667,0.5,0.466666666667
Aleksandr_Nedovyesov,0.540540540541,0.474358974359,0.491803278689,0.5,0.466666666667,0.551020408163,0.53488372093,0.514285714286,0.483870967742,0.8,0.40625,0.444444444444,0.483870967742,0.730769230769,0.25,0.708333333333
Alessandro_Giannessi,0.428571428571,0.290322580645,0.391304347826,0.333333333333,0.384615384615,0.555555555556,0.583333333333,0.647058823529,0.5,0.25,0.277777777778,0.375,0.555555555556,0.428571428571,0.555555555556,0.7
Alex_Bolt,0.5,0.45,0.5,0.545454545455,0.25,0.181818181818,0.666666666667,0.444444444444,0.5,0.5,0.875,0.666666666667,0.555555555556,0.571428571429,0.333333333333,1.0
Alex_Corretja,0.469483568075,0.484615384615,0.506024096386,0.471264367816,0.508474576271,0.518987341772,0.474576271186,0.518518518519,0.525773195876,0.470588235294,0.432098765432,0.585365853659,0.486486486486,0.464285714286,0.636363636364,0.538461538462
Alex_De_Minaur,0.0,0.0,0.0,0.0,0.0,0.0,0.0,0.0,0.0,0.0,0.0,0.0,0.0,0.0,0.0,0.0
Alex_Kuznetsov,0.0,0.0,0.0,0.0,0.0,0.0,0.0,0.0,0.0,0.0,0.0,0.0,0.0,0.0,0.0,0.0
Alexander_Bublik,0.351851851852,0.382352941176,0.52380952381,0.5,0.5,0.5,0.642857142857,0.47619047619,0.76,0.0,0.666666666667,0.428571428571,0.454545454545,0.571428571429,1.0,0.6
Alexander_Kudryavtsev,0.578947368421,0.6,0.0,0.6,0.666666666667,0.0,0.4,0.8,0.0,0.0,0.666666666667,0.0,0.375,0.5,1.0,0.333333333333
Alexander_Sarkissian,0.0,0.0,0.0,0.0,0.0,0.0,0.0,0.0,0.0,0.0,0.0,0.0,0.0,0.0,0.0,0.0
Alexander_Vasilenko,0.0,0.0,0.0,0.0,0.0,0.0,0.0,0.0,0.0,0.0,0.0,0.0,0.0,0.0,0.0,0.0
Alexander_Zverev,0.521052631579,0.509922346851,0.499438832772,0.516806722689,0.506198347107,0.512224938875,0.529929577465,0.502626970228,0.520509193777,0.552845528455,0.514685314685,0.472118959108,0.501483679525,0.485523385301,0.52479338843,0.486618004866
Alexandr_Dolgopolov,0.5065913371,0.504531722054,0.46186440678,0.485849056604,0.533333333333,0.493449781659,0.481707317073,0.503067484663,0.572192513369,0.529411764706,0.486910994764,0.554054054054,0.436842105263,0.518518518519,0.541666666667,0.485148514851
Alexandre_Penaud,0.0,0.0,0.0,0.0,0.0,0.0,0.0,0.0,0.0,0.0,0.0,0.0,0.0,0.0,0.0,0.0
Alexandre_Sidorenko,0.444444444444,0.4,0.285714285714,0.5,0.285714285714,0.25,1.0,0.5,0.714285714286,0.5,0.333333333333,0.0,0.333333333333,0.6,0.4,0.0
Alexey_Vatutin,0.428571428571,0.222222222222,0.142857142857,0.428571428571,0.5,0.166666666667,0.5,0.333333333333,0.0,0.0,0.6,0.0,0.5,0.25,0.0,0.0
Aljaz_Bedene,0.466165413534,0.522988505747,0.495575221239,0.486725663717,0.539473684211,0.504854368932,0.410256410256,0.471264367816,0.431578947368,0.666666666667,0.425287356322,0.457142857143,0.478723404255,0.34328358209,0.55,0.360655737705
Altug_Celikbilek,0.388888888889,0.3,0.5,0.444444444444,0.5,0.875,0.4,0.25,0.4,0.0,0.0,0.6,0.8,0.0,0.666666666667,0.5
Amir_Weintraub,0.526315789474,0.714285714286,0.6,0.5,0.666666666667,0.625,0.272727272727,0.125,0.8,1.0,0.25,0.6,1.0,0.857142857143,0.0,0.666666666667
Andre_Agassi,0.48046875,0.488849241748,0.505025125628,0.521978021978,0.505154639175,0.508021390374,0.504621072089,0.538324420677,0.5,0.553398058252,0.527047913447,0.569672131148,0.50974025974,0.553240740741,0.504464285714,0.554726368159
Andre_Ghem,0.53125,0.529411764706,0.8,0.666666666667,0.5,0.214285714286,0.583333333333,0.333333333333,0.421052631579,0.5,0.6,0.375,0.333333333333,0.416666666667,0.625,0.5
Andrea_Arnaboldi,0.391304347826,0.423076923077,0.65,0.375,0.3,0.5625,0.444444444444,0.416666666667,0.538461538462,0.6,0.45,0.6,0.538461538462,0.4,0.6,0.533333333333
Andrea_Collarini,0.653846153846,0.45,0.333333333333,0.266666666667,0.333333333333,0.636363636364,0.428571428571,0.777777777778,0.25,0.0,0.5,0.0,0.454545454545,0.333333333333,0.0,0.666666666667
Andrea_Gaudenzi,0.5,0.333333333333,0.666666666667,0.333333333333,0.5,0.7,0.571428571429,0.333333333333,0.4,0.333333333333,0.666666666667,0.5,0.555555555556,0.714285714286,0.333333333333,0.5
Andreas_Beck,0.0,0.0,0.0,0.0,0.0,0.0,0.0,0.0,0.0,0.0,0.0,0.0,0.0,0.0,0.0,0.0
Andreas_Haider_Maurer,0.422535211268,0.551724137931,0.46875,0.472727272727,0.416666666667,0.483333333333,0.472222222222,0.5,0.5,0.571428571429,0.56,0.277777777778,0.48,0.411764705882,0.52380952381,0.5
Andreas_Seppi,0.49375,0.472081218274,0.414965986395,0.492063492063,0.494117647059,0.450381679389,0.453608247423,0.409090909091,0.5078125,0.352941176471,0.521008403361,0.53488372093,0.495412844037,0.44578313253,0.5,0.356164383562
Andrei_Chesnokov,0.462686567164,0.472222222222,0.483870967742,0.574468085106,0.51724137931,0.526315789474,0.538461538462,0.547619047619,0.473684210526,0.333333333333,0.466666666667,0.565217391304,0.5,0.548387096774,0.736842105263,0.413793103448
Andrei_Medvedev,0.459854014599,0.582417582418,0.459016393443,0.440677966102,0.333333333333,0.53125,0.55,0.5,0.577464788732,0.666666666667,0.6,0.625,0.461538461538,0.5,0.615384615385,0.346153846154
Andrei_Pavel,0.520833333333,0.476923076923,0.466666666667,0.512195121951,0.379310344828,0.574468085106,0.461538461538,0.472222222222,0.518518518519,0.5,0.444444444444,0.5,0.511627906977,0.428571428571,0.5,0.538461538462
Andrej_Martin,0.0,0.0,0.0,0.0,0.0,0.0,0.0,0.0,0.0,0.0,0.0,0.0,0.0,0.0,0.0,0.0
Andres_Artunedo,0.111111111111,0.2,0.2,0.0,0.333333333333,0.0,1.0,0.333333333333,0.4,0.0,0.75,1.0,0.5,0.25,0.5,1.0
Andres_Gomez,0.459459459459,0.571428571429,0.473684210526,0.384615384615,0.142857142857,0.470588235294,0.615384615385,0.545454545455,0.555555555556,0.0,0.5,0.6,0.428571428571,0.636363636364,0.5,0.454545454545
Andrew_Whittington,0.489361702128,0.423076923077,0.3,0.421052631579,0.454545454545,0.52380952381,0.214285714286,0.333333333333,0.409090909091,0.5,0.35,0.714285714286,0.588235294118,0.5,0.571428571429,0.444444444444
Andrey_Golubev,0.0,0.0,0.0,0.0,0.0,0.0,0.0,0.0,0.0,0.0,0.0,0.0,0.0,0.0,0.0,0.0
Andrey_Kuznetsov,0.458149779736,0.493150684932,0.42,0.461538461538,0.474576271186,0.470588235294,0.515151515152,0.48275862069,0.481481481481,0.533333333333,0.474358974359,0.424242424242,0.535714285714,0.520833333333,0.52,0.553191489362
Andrey_Rublev,0.502074688797,0.521126760563,0.530434782609,0.630434782609,0.578947368421,0.396396396396,0.535714285714,0.469135802469,0.439252336449,0.0,0.483870967742,0.392857142857,0.51724137931,0.516129032258,0.5,0.464285714286
Andy_Murray,0.516476747767,0.529616724739,0.519031141869,0.499603489294,0.523631840796,0.5,0.508180943215,0.507260406583,0.519333333333,0.497435897436,0.521848739496,0.490872210953,0.532735426009,0.484597156398,0.52808988764,0.47889182058
Andy_Murray_,0.605633802817,0.477272727273,0.612903225806,0.37037037037,0.6,0.558823529412,0.526315789474,0.578947368421,0.5,0.5,0.56,0.272727272727,0.576923076923,0.272727272727,0.571428571429,0.5
Andy_Roddick,0.495133819951,0.506422018349,0.501385041551,0.501369863014,0.520661157025,0.452574525745,0.485849056604,0.510548523207,0.452282157676,0.5,0.43137254902,0.567567567568,0.5,0.496855345912,0.478260869565,0.495867768595
Ante_Pavic,0.466666666667,0.363636363636,0.307692307692,0.428571428571,0.222222222222,0.466666666667,0.444444444444,0.444444444444,1.0,0.5,0.285714285714,0.0,0.538461538462,0.666666666667,1.0,0.333333333333
Antonio_Veic,0.4375,0.444444444444,0.454545454545,0.333333333333,0.333333333333,0.142857142857,0.375,0.25,0.5,1.0,0.285714285714,0.5,0.0,0.4,0.5,0.6
Arnaud_Clement,0.384615384615,0.411764705882,0.454545454545,0.636363636364,0.75,0.428571428571,0.555555555556,0.1,0.529411764706,0.666666666667,0.444444444444,0.5,0.5,0.375,1.0,0.4
Arthur_Ashe,0.0,0.0,0.0,0.0,0.0,0.0,0.0,0.0,0.0,0.0,0.0,0.0,0.0,0.0,0.0,0.0
Arthur_De_Greef,0.590909090909,0.411764705882,0.5,0.363636363636,0.666666666667,0.454545454545,0.454545454545,0.454545454545,0.625,0.0,0.25,0.0,0.25,0.5,0.0,1.0
Aslan_Karatsev,0.55,0.636363636364,0.454545454545,0.5,0.2,0.666666666667,0.555555555556,0.5,0.3,0.0,0.333333333333,0.666666666667,0.571428571429,0.333333333333,1.0,0.333333333333
Attila_Balazs,0.0,0.0,0.0,0.0,0.0,0.0,0.0,0.0,0.0,0.0,0.0,0.0,0.0,0.0,0.0,0.0
Austin_Krajicek,0.64,0.535714285714,0.428571428571,0.555555555556,0.615384615385,0.52380952381,0.272727272727,0.5,0.454545454545,0.5,0.52380952381,0.5,0.4375,0.111111111111,0.5,0.2
Axel_Michon,0.333333333333,0.454545454545,0.444444444444,0.166666666667,0.333333333333,0.454545454545,0.6,0.571428571429,0.25,0.0,0.571428571429,0.666666666667,0.444444444444,0.25,0.0,0.0
Benjamin_Becker,0.0,0.0,0.0,0.0,0.0,0.0,0.0,0.0,0.0,0.0,0.0,0.0,0.0,0.0,0.0,0.0
Benjamin_Mitchell,0.4,0.357142857143,0.5,0.545454545455,0.555555555556,0.8,0.285714285714,0.285714285714,0.666666666667,0.0,0.5,0.666666666667,0.5,0.833333333333,0.0,0.0
Benoit_Paire,0.482014388489,0.480427046263,0.502512562814,0.44578313253,0.5,0.513513513514,0.589147286822,0.510067114094,0.505376344086,0.642857142857,0.530303030303,0.416666666667,0.475903614458,0.547169811321,0.509803921569,0.536082474227
Bernard_Tomic,0.515818431912,0.475479744136,0.477419354839,0.498432601881,0.413333333333,0.488294314381,0.424242424242,0.504716981132,0.505190311419,0.551724137931,0.463829787234,0.533333333333,0.475095785441,0.523178807947,0.527777777778,0.522388059701
Bjorn_Borg,0.559292035398,0.532258064516,0.478632478632,0.508474576271,0.510067114094,0.495689655172,0.48,0.513368983957,0.542635658915,0.5,0.527173913043,0.563218390805,0.607329842932,0.459259259259,0.585714285714,0.578125
Bjorn_Fratangelo,0.0,0.0,0.0,0.0,0.0,0.0,0.0,0.0,0.0,0.0,0.0,0.0,0.0,0.0,0.0,0.0
Blake_Mott,0.0,0.0,0.0,0.0,0.0,0.0,0.0,0.0,0.0,0.0,0.0,0.0,0.0,0.0,0.0,0.0
Blaz_Kavcic,0.544117647059,0.409090909091,0.558823529412,0.583333333333,0.0,0.5,0.478260869565,0.533333333333,0.6,0.8,0.391304347826,0.666666666667,0.555555555556,0.411764705882,0.444444444444,0.5
Blaz_Rola,0.395348837209,0.538461538462,0.5,0.4,0.416666666667,0.684210526316,0.333333333333,0.736842105263,0.333333333333,0.0,0.5625,0.4,0.4375,0.5,0.5,0.8
Bob_Bryan,0.3,0.25,0.555555555556,0.333333333333,0.333333333333,0.333333333333,0.2,0.333333333333,0.5,0.0,0.5,1.0,0.5,0.4,0.5,1.0
Boris_Becker,0.511759172154,0.514200298954,0.467415730337,0.510158013544,0.522727272727,0.468822170901,0.514106583072,0.520958083832,0.469879518072,0.491228070175,0.485175202156,0.572368421053,0.491803278689,0.51652892562,0.456,0.527272727273
Borna_Coric,0.487804878049,0.517647058824,0.482954545455,0.467455621302,0.471074380165,0.483443708609,0.45871559633,0.470588235294,0.473684210526,0.444444444444,0.566666666667,0.583333333333,0.587786259542,0.471698113208,0.393939393939,0.446601941748
Brad_Gilbert,0.571428571429,0.444444444444,0.125,0.5,0.5,0.4,0.0,0.4,0.0,0.0,0.4,0.5,0.333333333333,0.142857142857,0.25,0.0
Bradley_Klahn,0.142857142857,0.181818181818,0.0,0.333333333333,0.2,0.142857142857,0.0,0.0,0.0,0.0,0.0,0.0,0.0,0.0,0.0,0.0
Brian_Baker,0.555555555556,0.393939393939,0.46875,0.444444444444,0.75,0.413793103448,0.478260869565,0.473684210526,0.464285714286,0.2,0.379310344828,0.333333333333,0.368421052632,0.4375,0.428571428571,0.466666666667
Brian_Gottfried,0.444444444444,0.615384615385,0.0,0.555555555556,0.8,0.375,0.2,0.5,0.428571428571,0.5,0.4,0.0,0.166666666667,0.333333333333,0.0,1.0
Brian_Teacher,0.0,0.0,0.0,0.0,0.0,0.0,0.0,0.0,0.0,0.0,0.0,0.0,0.0,0.0,0.0,0.0
Brydan_Klein,0.5,0.333333333333,0.416666666667,0.5,0.333333333333,0.4,0.571428571429,0.5,0.333333333333,0.0,0.75,0.5,0.571428571429,0.333333333333,0.666666666667,0.2
Caio_Zampieri,0.0,0.0,0.0,0.0,0.0,0.0,0.0,0.0,0.0,0.0,0.0,0.0,0.0,0.0,0.0,0.0
Calvin_Hemery,0.0,0.0,0.0,0.0,0.0,0.0,0.0,0.0,0.0,0.0,0.0,0.0,0.0,0.0,0.0,0.0
Cameron_Norrie,0.0,0.0,0.0,0.0,0.0,0.0,0.0,0.0,0.0,0.0,0.0,0.0,0.0,0.0,0.0,0.0
Carlos_Berlocq,0.492753623188,0.438202247191,0.633333333333,0.553571428571,0.638888888889,0.5,0.536585365854,0.5,0.511904761905,0.6,0.553191489362,0.4,0.52,0.657142857143,0.3,0.5
Carlos_Costa,0.0,0.0,0.0,0.0,0.0,0.0,0.0,0.0,0.0,0.0,0.0,0.0,0.0,0.0,0.0,0.0
Carlos_Eduardo_Severino,0.0,0.0,0.0,0.0,0.0,0.0,0.0,0.0,0.0,0.0,0.0,0.0,0.0,0.0,0.0,0.0
Carlos_Moya,0.506361323155,0.511811023622,0.474285714286,0.449367088608,0.548076923077,0.467105263158,0.589743589744,0.51724137931,0.446428571429,0.318181818182,0.474452554745,0.448275862069,0.485714285714,0.477876106195,0.428571428571,0.448598130841
Casper_Ruud,0.475675675676,0.454901960784,0.581818181818,0.506329113924,0.5,0.522292993631,0.663551401869,0.513513513514,0.58865248227,0.6,0.531531531532,0.511627906977,0.485074626866,0.5,0.425531914894,0.439393939394
Cedric_Pioline,0.345238095238,0.298245614035,0.394736842105,0.441176470588,0.4,0.354838709677,0.416666666667,0.571428571429,0.379310344828,0.285714285714,0.518518518519,0.666666666667,0.464285714286,0.52380952381,0.5,0.588235294118
Cedrik_Marcel_Stebe,0.358974358974,0.263157894737,0.428571428571,0.461538461538,0.125,0.538461538462,0.416666666667,0.363636363636,0.6,0.333333333333,0.578947368421,0.454545454545,0.636363636364,0.571428571429,0.222222222222,0.333333333333
Chase_Buchanan,0.0,0.0,0.0,0.0,0.0,0.0,0.0,0.0,0.0,0.0,0.0,0.0,0.0,0.0,0.0,0.0
Chieh_Fu_Wang,0.285714285714,0.285714285714,0.5,0.4,0.0,0.25,0.25,0.333333333333,0.2,0.0,0.571428571429,0.333333333333,0.166666666667,0.333333333333,0.0,0.5
Chris_Lewis,0.25,0.3125,0.333333333333,0.333333333333,0.454545454545,0.4,0.285714285714,0.4,0.5,0.0,0.5,0.333333333333,0.142857142857,0.666666666667,1.0,0.25
Chris_Woodruff,0.548387096774,0.590909090909,0.666666666667,0.588235294118,0.636363636364,0.545454545455,0.777777777778,0.666666666667,0.272727272727,0.0,0.444444444444,1.0,0.666666666667,0.75,0.5,0.166666666667
Christian_Garin,0.0,0.0,0.0,0.0,0.0,0.0,0.0,0.0,0.0,0.0,0.0,0.0,0.0,0.0,0.0,0.0
Christian_Lindell,0.0,0.0,0.0,0.0,0.0,0.0,0.0,0.0,0.0,0.0,0.0,0.0,0.0,0.0,0.0,0.0
Christopher_Heyman,0.555555555556,0.692307692308,0.6,0.555555555556,0.75,0.555555555556,0.5,0.6,0.5,0.0,0.8,0.5,0.714285714286,0.75,0.333333333333,0.0
Christopher_Oconnell,0.0,0.0,0.0,0.0,0.0,0.0,0.0,0.0,0.0,0.0,0.0,0.0,0.0,0.0,0.0,0.0
Constant_Lestienne,0.0,0.0,0.0,0.0,0.0,0.0,0.0,0.0,0.0,0.0,0.0,0.0,0.0,0.0,0.0,0.0
Corentin_Moutet,0.571428571429,0.583333333333,0.625,0.25,0.333333333333,0.6,0.3,0.25,0.4,0.666666666667,0.555555555556,0.2,0.6,0.2,0.333333333333,0.571428571429
Damir_Dzumhur,0.426829268293,0.475862068966,0.444444444444,0.344444444444,0.396551724138,0.534653465347,0.575,0.41975308642,0.564516129032,0.578947368421,0.485148514851,0.307692307692,0.6,0.367647058824,0.552631578947,0.41935483871
Daniel_Brands,0.315789473684,0.307692307692,0.333333333333,0.5,0.333333333333,0.333333333333,0.6,0.666666666667,0.285714285714,1.0,0.333333333333,0.0,0.5,1.0,0.0,0.75
Daniel_Cox,0.0,0.0,0.0,0.0,0.0,0.0,0.0,0.0,0.0,0.0,0.0,0.0,0.0,0.0,0.0,0.0
Daniel_Evans,0.45652173913,0.481707317073,0.478991596639,0.448598130841,0.567567567568,0.485981308411,0.571428571429,0.489583333333,0.492063492063,0.6,0.514285714286,0.395348837209,0.525252525253,0.493150684932,0.64,0.516129032258
Daniel_Gimeno_Traver,0.479166666667,0.4,0.54,0.428571428571,0.454545454545,0.466666666667,0.433333333333,0.461538461538,0.5,0.666666666667,0.487179487179,0.444444444444,0.323529411765,0.625,0.357142857143,0.521739130435
Daniel_Masur,0.0,0.0,0.0,0.0,0.0,0.0,0.0,0.0,0.0,0.0,0.0,0.0,0.0,0.0,0.0,0.0
Daniel_Munoz_De_La_Nava,0.532110091743,0.564516129032,0.365384615385,0.473684210526,0.607142857143,0.53488372093,0.45,0.485714285714,0.641025641026,0.333333333333,0.577777777778,0.470588235294,0.46875,0.6,0.769230769231,0.363636363636
Daniel_Nguyen,0.0,0.0,0.0,0.0,0.0,0.0,0.0,0.0,0.0,0.0,0.0,0.0,0.0,0.0,0.0,0.0
Daniel_Smethurst,0.0,0.0,0.0,0.0,0.0,0.0,0.0,0.0,0.0,0.0,0.0,0.0,0.0,0.0,0.0,0.0
Daniil_Medvedev,0.479853479853,0.528735632184,0.48031496063,0.471698113208,0.487179487179,0.556603773585,0.5125,0.466666666667,0.522388059701,0.454545454545,0.531914893617,0.571428571429,0.511363636364,0.506849315068,0.512195121951,0.5
Darian_King,0.0,0.0,0.0,0.0,0.0,0.0,0.0,0.0,0.0,0.0,0.0,0.0,0.0,0.0,0.0,0.0
Dario_Acosta,0.333333333333,0.0,0.4,0.2,0.75,0.5,0.333333333333,0.2,0.1,0.5,0.25,0.0,0.4,0.5,0.5,1.0
Darren_Cahill,0.392857142857,0.466666666667,0.333333333333,0.5,0.444444444444,0.5,0.142857142857,0.0,0.5,0.666666666667,0.615384615385,0.666666666667,0.2,0.5,0.25,0.4
David_Ferrer,0.479495268139,0.456349206349,0.472817133443,0.429213483146,0.498233215548,0.458733205374,0.486810551559,0.427027027027,0.497545008183,0.422222222222,0.469879518072,0.49504950495,0.474698795181,0.483333333333,0.47,0.473684210526
David_Goffin,0.505291005291,0.557411273486,0.498422712934,0.501607717042,0.580487804878,0.527027027027,0.433884297521,0.480519480519,0.488095238095,0.5625,0.479400749064,0.559322033898,0.542168674699,0.56345177665,0.486725663717,0.494623655914
David_Guez,0.5,0.555555555556,0.5,0.666666666667,0.444444444444,0.6,0.411764705882,0.571428571429,0.565217391304,1.0,0.555555555556,0.75,0.545454545455,0.363636363636,1.0,0.416666666667
David_Nalbandian,0.457142857143,0.466981132075,0.415204678363,0.462809917355,0.428571428571,0.43537414966,0.512605042017,0.520408163265,0.5,0.578947368421,0.559701492537,0.5,0.495238095238,0.466019417476,0.615384615385,0.469387755102
David_Perez_Sanz,0.1875,0.181818181818,0.5,0.3,0.333333333333,0.333333333333,0.5,1.0,0.0,0.0,0.6,1.0,0.333333333333,0.25,0.333333333333,0.5
Davide_Sanguinetti,0.0,0.0,0.0,0.0,0.0,0.0,0.0,0.0,0.0,0.0,0.0,0.0,0.0,0.0,0.0,0.0
Denis_Istomin,0.508379888268,0.460869565217,0.494252873563,0.462686567164,0.469387755102,0.487179487179,0.608695652174,0.448275862069,0.433333333333,0.666666666667,0.440677966102,0.55,0.539473684211,0.477272727273,0.529411764706,0.51724137931
Denis_Kudla,0.534722222222,0.625,0.555555555556,0.5,0.589743589744,0.534482758621,0.461538461538,0.486486486486,0.529411764706,0.272727272727,0.478260869565,0.666666666667,0.48,0.470588235294,0.481481481481,0.48275862069
Denis_Shapovalov,0.536964980545,0.585987261146,0.451327433628,0.621359223301,0.541666666667,0.456310679612,0.375,0.471428571429,0.526315789474,0.545454545455,0.450549450549,0.40625,0.505494505495,0.548387096774,0.411764705882,0.519230769231
Dennis_Novak,0.3,0.444444444444,0.578947368421,0.5,0.461538461538,0.636363636364,0.666666666667,0.428571428571,0.5,0.666666666667,0.545454545455,0.625,0.5,0.272727272727,0.571428571429,0.384615384615
Dennis_Novikov,0.489361702128,0.676470588235,0.538461538462,0.5,0.769230769231,0.75,0.357142857143,0.5625,0.52380952381,0.0,0.307692307692,0.0,0.352941176471,0.416666666667,0.5,0.555555555556
Denys_Molchanov,0.0,0.0,0.0,0.0,0.0,0.0,0.0,0.0,0.0,0.0,0.0,0.0,0.0,0.0,0.0,0.0
Di_Wu,0.0,0.0,0.0,0.0,0.0,0.0,0.0,0.0,0.0,0.0,0.0,0.0,0.0,0.0,0.0,0.0
Diego_Sebastian_Schwartzman,0.500449236298,0.44976076555,0.5,0.49593495935,0.482456140351,0.516703786192,0.517808219178,0.54,0.547842401501,0.464646464646,0.529787234043,0.509009009009,0.485207100592,0.507788161994,0.535,0.480968858131
Dmitry_Popko,0.0,0.0,0.0,0.0,0.0,0.0,0.0,0.0,0.0,0.0,0.0,0.0,0.0,0.0,0.0,0.0
Dmitry_Tursunov,0.576923076923,0.444444444444,0.583333333333,0.5,0.4,0.7,0.5,0.375,0.636363636364,0.0,0.666666666667,0.5,0.4,0.333333333333,0.0,0.0
Dominic_Thiem,0.493440968718,0.454695222405,0.462753950339,0.519181585678,0.522267206478,0.484184914842,0.491856677524,0.56,0.503416856492,0.418181818182,0.494535519126,0.553956834532,0.442477876106,0.507692307692,0.534246575342,0.478991596639
Dominik_Hrbaty,0.0,0.0,0.0,0.0,0.0,0.0,0.0,0.0,0.0,0.0,0.0,0.0,0.0,0.0,0.0,0.0
Donald_Young,0.47619047619,0.503401360544,0.445454545455,0.438202247191,0.454545454545,0.401869158879,0.575757575758,0.475,0.602409638554,0.785714285714,0.444444444444,0.48275862069,0.478723404255,0.442307692308,0.441176470588,0.441860465116
Duck_Hee_Lee,0.0,0.0,0.0,0.0,0.0,0.0,0.0,0.0,0.0,0.0,0.0,0.0,0.0,0.0,0.0,0.0
Dudi_Sela,0.5,0.493670886076,0.602739726027,0.5,0.46875,0.535714285714,0.354166666667,0.5,0.378787878788,0.5,0.568965517241,0.3,0.5,0.418604651163,0.352941176471,0.428571428571
Dusan_Lajovic,0.390977443609,0.487804878049,0.413793103448,0.46,0.473684210526,0.36,0.411764705882,0.472222222222,0.34,0.0,0.4375,0.363636363636,0.533333333333,0.5,0.388888888889,0.542857142857
Dustin_Brown,0.545833333333,0.516339869281,0.601941747573,0.528846153846,0.597014925373,0.518518518519,0.493150684932,0.460526315789,0.559523809524,0.272727272727,0.576470588235,0.41935483871,0.525,0.461538461538,0.34375,0.46
Dzmitry_Zhyrmont,0.47619047619,0.333333333333,0.428571428571,0.363636363636,0.4,0.75,0.142857142857,0.5,0.526315789474,0.0,0.2,1.0,0.5,0.666666666667,1.0,1.0
Edoardo_Eremin,0.0,0.0,0.0,0.0,0.0,0.0,0.0,0.0,0.0,0.0,0.0,0.0,0.0,0.0,0.0,0.0
Edouard_Roger_Vasselin,0.482352941176,0.47619047619,0.40625,0.5,0.677419354839,0.535714285714,0.5625,0.45,0.516129032258,0.375,0.578947368421,0.666666666667,0.535714285714,0.533333333333,0.363636363636,0.5
Eduardo_Russi,0.0,0.0,0.0,0.0,0.0,0.0,0.0,0.0,0.0,0.0,0.0,0.0,0.0,0.0,0.0,0.0
Eduardo_Struvay,0.0,0.0,0.0,0.0,0.0,0.0,0.0,0.0,0.0,0.0,0.0,0.0,0.0,0.0,0.0,0.0
Egor_Gerasimov,0.4375,0.441176470588,0.722222222222,0.541666666667,0.529411764706,0.45,0.428571428571,0.357142857143,0.75,0.0,0.545454545455,1.0,0.52380952381,0.285714285714,0.5,0.2
Elias_Ymer,0.477777777778,0.423728813559,0.414634146341,0.470588235294,0.5,0.357142857143,0.53125,0.5,0.538461538462,0.444444444444,0.483870967742,0.466666666667,0.5,0.739130434783,0.615384615385,0.583333333333
Emilio_Gomez,0.0,0.0,0.0,0.0,0.0,0.0,0.0,0.0,0.0,0.0,0.0,0.0,0.0,0.0,0.0,0.0
Enrique_Lopez_Perez,0.407407407407,0.5,0.466666666667,0.428571428571,0.6,0.692307692308,0.428571428571,0.428571428571,0.538461538462,0.0,0.727272727273,0.6,0.5,0.166666666667,0.2,0.666666666667
Ernesto_Escobedo,0.574468085106,0.51724137931,0.631578947368,0.571428571429,0.533333333333,0.411764705882,0.571428571429,0.470588235294,0.5625,0.333333333333,0.529411764706,0.5,0.4,0.727272727273,0.571428571429,0.428571428571
Ernests_Gulbis,0.487719298246,0.485549132948,0.484615384615,0.4375,0.382716049383,0.46017699115,0.44578313253,0.582417582418,0.494623655914,0.285714285714,0.556603773585,0.486486486486,0.490196078431,0.549295774648,0.5,0.607142857143
Evgeny_Donskoy,0.48623853211,0.439393939394,0.56,0.418604651163,0.424242424242,0.604651162791,0.392857142857,0.434782608696,0.454545454545,0.6,0.355555555556,0.588235294118,0.558823529412,0.464285714286,0.466666666667,0.6
Fabio_Fognini,0.474576271186,0.439739413681,0.478070175439,0.480582524272,0.452554744526,0.49504950495,0.491124260355,0.480225988701,0.510917030568,0.45,0.474418604651,0.568181818182,0.446327683616,0.503496503497,0.466666666667,0.485714285714
Fabrice_Santoro,0.0,0.0,0.0,0.0,0.0,0.0,0.0,0.0,0.0,0.0,0.0,0.0,0.0,0.0,0.0,0.0
Facundo_Arguello,0.537037037037,0.5,0.272727272727,0.538461538462,0.428571428571,0.484848484848,0.526315789474,0.4,0.5,1.0,0.230769230769,0.375,0.421052631579,0.375,0.666666666667,0.571428571429
Facundo_Bagnis,0.481203007519,0.48,0.483870967742,0.468085106383,0.483870967742,0.555555555556,0.527777777778,0.659090909091,0.439024390244,0.5,0.576923076923,0.444444444444,0.489795918367,0.583333333333,0.444444444444,0.5
Farrukh_Dustov,0.448979591837,0.212121212121,0.272727272727,0.434782608696,0.117647058824,0.529411764706,0.444444444444,0.6,0.352941176471,1.0,0.4375,0.5,0.470588235294,0.285714285714,0.363636363636,0.230769230769
Federico_Delbonis,0.488700564972,0.46511627907,0.46835443038,0.442857142857,0.433333333333,0.503267973856,0.485148514851,0.424242424242,0.475177304965,0.588235294118,0.469230769231,0.446808510638,0.477941176471,0.458823529412,0.479166666667,0.455696202532
Federico_Gaio,0.0,0.0,0.0,0.0,0.0,0.0,0.0,0.0,0.0,0.0,0.0,0.0,0.0,0.0,0.0,0.0
Feliciano_Lopez,0.470394736842,0.460396039604,0.472868217054,0.453183520599,0.420212765957,0.47619047619,0.470238095238,0.518918918919,0.463636363636,0.538461538462,0.510752688172,0.461538461538,0.486111111111,0.532258064516,0.534482758621,0.548672566372
Felix_Auger_Aliassime,0.0,0.0,0.0,0.0,0.0,0.0,0.0,0.0,0.0,0.0,0.0,0.0,0.0,0.0,0.0,0.0
Felix_Mantilla,0.526315789474,0.289473684211,0.565217391304,0.44,0.266666666667,0.291666666667,0.5,0.5625,0.625,0.0,0.333333333333,1.0,0.529411764706,0.428571428571,0.538461538462,0.529411764706
Fernando_Gonzalez,0.422018348624,0.4,0.53125,0.426966292135,0.233333333333,0.450549450549,0.573529411765,0.462686567164,0.481481481481,0.333333333333,0.544303797468,0.620689655172,0.4,0.508771929825,0.5,0.545454545455
Fernando_Romboli,0.459459459459,0.565217391304,0.461538461538,0.466666666667,0.333333333333,0.375,0.416666666667,0.375,0.5,0.5,0.214285714286,0.555555555556,0.5,0.307692307692,0.333333333333,0.444444444444
Fernando_Verdasco,0.46,0.516129032258,0.452830188679,0.464114832536,0.484615384615,0.488584474886,0.5,0.41717791411,0.517699115044,0.387096774194,0.497175141243,0.575757575758,0.433526011561,0.495327102804,0.536231884058,0.536842105263
Filip_Krajinovic,0.478723404255,0.405405405405,0.476744186047,0.367647058824,0.358490566038,0.520547945205,0.516666666667,0.524590163934,0.68253968254,0.6,0.465753424658,0.5,0.45,0.520833333333,0.652173913043,0.475
Filip_Peliwo,0.0,0.0,0.0,0.0,0.0,0.0,0.0,0.0,0.0,0.0,0.0,0.0,0.0,0.0,0.0,0.0
Filippo_Volandri,0.0,0.0,0.0,0.0,0.0,0.0,0.0,0.0,0.0,0.0,0.0,0.0,0.0,0.0,0.0,0.0
Flavio_Cipolla,0.514705882353,0.641025641026,0.631578947368,0.45,0.416666666667,0.387096774194,0.380952380952,0.470588235294,0.404761904762,0.5,0.413793103448,0.4,0.434782608696,0.380952380952,0.454545454545,0.555555555556
Florian_Mayer,0.458483754513,0.515151515152,0.473684210526,0.446601941748,0.41095890411,0.542372881356,0.413043478261,0.445544554455,0.516129032258,0.941176470588,0.476635514019,0.583333333333,0.460674157303,0.53125,0.647058823529,0.559322033898
Francis_Tiafoe,0.483333333333,0.457943925234,0.475,0.585714285714,0.466666666667,0.443037974684,0.5,0.47619047619,0.46875,0.384615384615,0.493150684932,0.433333333333,0.371428571429,0.651162790698,0.518518518519,0.591836734694
Francisco_Clavet,0.0,0.0,0.0,0.0,0.0,0.0,0.0,0.0,0.0,0.0,0.0,0.0,0.0,0.0,0.0,0.0
Franco_Skugor,0.0,0.0,0.0,0.0,0.0,0.0,0.0,0.0,0.0,0.0,0.0,0.0,0.0,0.0,0.0,0.0
Frank_Dancevic,0.442307692308,0.4,0.333333333333,0.478260869565,0.466666666667,0.363636363636,0.571428571429,0.52380952381,0.166666666667,0.5,0.470588235294,0.375,0.363636363636,0.538461538462,0.2,0.444444444444
Gael_Monfils,0.512931034483,0.482269503546,0.483333333333,0.468864468864,0.476439790576,0.505338078292,0.578947368421,0.478672985782,0.490421455939,0.380952380952,0.484615384615,0.545454545455,0.51724137931,0.479289940828,0.533333333333,0.423076923077
Gastao_Elias,0.463636363636,0.515151515152,0.615384615385,0.513513513514,0.545454545455,0.480769230769,0.607142857143,0.529411764706,0.490566037736,0.416666666667,0.558139534884,0.6,0.471698113208,0.478260869565,0.666666666667,0.545454545455
Gaston_Gaudio,0.486486486486,0.552631578947,0.470588235294,0.565217391304,0.5,0.53125,0.333333333333,0.375,0.363636363636,0.5,0.457142857143,0.5625,0.461538461538,0.470588235294,0.545454545455,0.388888888889
Gavin_Van_Peperzeel,0.0,0.0,0.0,0.0,0.0,0.0,0.0,0.0,0.0,0.0,0.0,0.0,0.0,0.0,0.0,0.0
Gerald_Melzer,0.534653465347,0.58064516129,0.5625,0.484848484848,0.52,0.659090909091,0.458333333333,0.413793103448,0.333333333333,0.666666666667,0.472222222222,0.470588235294,0.547619047619,0.434782608696,0.6,0.571428571429
Germain_Gigounon,0.0,0.0,0.0,0.0,0.0,0.0,0.0,0.0,0.0,0.0,0.0,0.0,0.0,0.0,0.0,0.0
Gianluca_Naso,0.2,0.454545454545,0.714285714286,0.285714285714,0.333333333333,0.5,0.545454545455,0.5,0.285714285714,1.0,0.5,0.8,1.0,0.375,1.0,0.6
Gilles_Muller,0.477011494253,0.433628318584,0.545454545455,0.441717791411,0.486956521739,0.468085106383,0.45,0.533980582524,0.456,0.285714285714,0.56880733945,0.4,0.516393442623,0.492307692308,0.423076923077,0.541666666667
Gilles_Simon,0.478260869565,0.510297482838,0.479495268139,0.475177304965,0.480662983425,0.518032786885,0.511210762332,0.460869565217,0.533333333333,0.473684210526,0.480916030534,0.56,0.517928286853,0.462857142857,0.48,0.450617283951
Giovanni_Lapentti,0.611111111111,0.416666666667,0.777777777778,0.666666666667,0.666666666667,0.857142857143,0.571428571429,0.625,0.7,0.5,0.833333333333,0.666666666667,0.333333333333,0.333333333333,0.333333333333,0.666666666667
Gleb_Sakharov,0.555555555556,0.181818181818,0.333333333333,0.4,0.5,0.142857142857,0.625,0.5,0.5,0.0,0.428571428571,0.75,0.5,0.833333333333,0.0,0.0
Go_Soeda,0.0,0.0,0.0,0.0,0.0,0.0,0.0,0.0,0.0,0.0,0.0,0.0,0.0,0.0,0.0,0.0
Gonzalo_Lama,0.0,0.0,0.0,0.0,0.0,0.0,0.0,0.0,0.0,0.0,0.0,0.0,0.0,0.0,0.0,0.0
Goran_Ivanisevic,0.459459459459,0.523622047244,0.519480519481,0.461988304094,0.579439252336,0.491124260355,0.490384615385,0.460869565217,0.434426229508,0.2,0.438095238095,0.588235294118,0.433333333333,0.452054794521,0.608695652174,0.435483870968
Greg_Rusedski,0.0,0.0,0.0,0.0,0.0,0.0,0.0,0.0,0.0,0.0,0.0,0.0,0.0,0.0,0.0,0.0
Grega_Zemlja,0.5,0.4,0.578947368421,0.368421052632,0.214285714286,0.411764705882,0.416666666667,0.666666666667,0.6,0.5,0.357142857143,0.666666666667,0.357142857143,0.363636363636,0.833333333333,0.555555555556
Gregoire_Barrere,0.352941176471,0.375,0.428571428571,0.0,0.25,0.5,0.4,0.333333333333,0.5,0.0,0.444444444444,0.75,0.5,0.111111111111,0.6,0.6
Grigor_Dimitrov,0.492223238792,0.471328671329,0.471861471861,0.511879049676,0.418238993711,0.47191011236,0.525641025641,0.510971786834,0.490099009901,0.583333333333,0.453781512605,0.530612244898,0.453634085213,0.521072796935,0.511278195489,0.484162895928
Guido_Andreozzi,0.379310344828,0.733333333333,0.357142857143,0.625,0.625,0.777777777778,0.5,0.142857142857,0.285714285714,0.0,0.307692307692,0.5,0.833333333333,0.777777777778,0.25,0.444444444444
Guido_Pella,0.525896414343,0.611464968153,0.469565217391,0.489130434783,0.559322033898,0.490909090909,0.542168674699,0.5625,0.512820512821,0.529411764706,0.483516483516,0.463414634146,0.48275862069,0.548387096774,0.352941176471,0.56
Guilherme_Clezar,0.58064516129,0.526315789474,0.5625,0.4,0.5,0.428571428571,0.454545454545,0.363636363636,0.636363636364,0.0,0.333333333333,0.4,0.583333333333,0.1,0.333333333333,1.0
Guillermo_Canas,0.0,0.0,0.0,0.0,0.0,0.0,0.0,0.0,0.0,0.0,0.0,0.0,0.0,0.0,0.0,0.0
Guillermo_Coira,0.0,0.0,0.0,0.0,0.0,0.0,0.0,0.0,0.0,0.0,0.0,0.0,0.0,0.0,0.0,0.0
Guillermo_Coria,0.5125,0.485549132948,0.473333333333,0.490384615385,0.475409836066,0.444444444444,0.59,0.552083333333,0.526315789474,0.5,0.475524475524,0.435483870968,0.51,0.47311827957,0.542372881356,0.430107526882
Guillermo_Garcia_Lopez,0.504032258065,0.457516339869,0.527272727273,0.5,0.491803278689,0.490566037736,0.506849315068,0.564102564103,0.544715447154,0.5,0.477777777778,0.571428571429,0.423529411765,0.431034482759,0.388888888889,0.471698113208
Guillermo_Vilas,0.494382022472,0.363636363636,0.4,0.485714285714,0.464285714286,0.48275862069,0.541666666667,0.529411764706,0.388888888889,0.666666666667,0.46875,0.470588235294,0.434782608696,0.761904761905,0.1,0.666666666667
Gustavo_Kuerten,0.503778337531,0.561264822134,0.459302325581,0.509202453988,0.469026548673,0.5,0.474452554745,0.445454545455,0.550458715596,0.631578947368,0.528985507246,0.464285714286,0.524193548387,0.532710280374,0.413043478261,0.504854368932
Guy_Forget,0.506787330317,0.486486486486,0.5,0.435643564356,0.455696202532,0.533333333333,0.454545454545,0.481481481481,0.511627906977,0.714285714286,0.417910447761,0.5,0.542168674699,0.59375,0.411764705882,0.607142857143
Hans_Podlipnik_Castillo,0.0,0.0,0.0,0.0,0.0,0.0,0.0,0.0,0.0,0.0,0.0,0.0,0.0,0.0,0.0,0.0
Henri_Laaksonen,0.0,0.0,0.0,0.0,0.0,0.0,0.0,0.0,0.0,0.0,0.0,0.0,0.0,0.0,0.0,0.0
Henri_Leconte,0.0,0.0,0.0,0.0,0.0,0.0,0.0,0.0,0.0,0.0,0.0,0.0,0.0,0.0,0.0,0.0
Hicham_Arazi,0.0,0.0,0.0,0.0,0.0,0.0,0.0,0.0,0.0,0.0,0.0,0.0,0.0,0.0,0.0,0.0
Hiroki_Moriya,0.411764705882,0.384615384615,0.625,0.0,0.6,0.625,0.0,0.0,0.461538461538,0.0,1.0,1.0,0.571428571429,0.666666666667,0.333333333333,0.285714285714
Ho_Gi_Kang,0.142857142857,0.333333333333,0.428571428571,0.5,0.0,0.75,0.2,0.0,0.4,0.0,0.4,0.333333333333,0.2,1.0,0.0,0.0
Horacio_Zeballos,0.465408805031,0.532710280374,0.47619047619,0.527777777778,0.470588235294,0.509090909091,0.617647058824,0.575,0.511627906977,0.454545454545,0.446808510638,0.473684210526,0.545454545455,0.567567567568,0.347826086957,0.36
Hugo_Dellien,0.0,0.0,0.0,0.0,0.0,0.0,0.0,0.0,0.0,0.0,0.0,0.0,0.0,0.0,0.0,0.0
Hunter_Reese,0.0,0.0,0.0,0.0,0.0,0.0,0.0,0.0,0.0,0.0,0.0,0.0,0.0,0.0,0.0,0.0
Hyeon_Chung,0.520912547529,0.493975903614,0.44,0.5,0.577464788732,0.459183673469,0.461538461538,0.507042253521,0.473684210526,0.416666666667,0.452631578947,0.526315789474,0.549450549451,0.4875,0.552631578947,0.470588235294
Igor_Andreev,0.452830188679,0.3,0.56,0.631578947368,0.307692307692,0.416666666667,0.333333333333,0.363636363636,0.375,0.4,0.434782608696,0.111111111111,0.391304347826,0.181818181818,0.222222222222,0.1
Igor_Sijsling,0.487179487179,0.711111111111,0.475,0.592592592593,0.714285714286,0.454545454545,0.45,0.391304347826,0.470588235294,0.0,0.545454545455,0.636363636364,0.533333333333,0.636363636364,0.75,0.636363636364
Illya_Marchenko,0.43137254902,0.397260273973,0.434782608696,0.418604651163,0.354838709677,0.4,0.608695652174,0.535714285714,0.433333333333,0.333333333333,0.444444444444,0.545454545455,0.432432432432,0.478260869565,0.764705882353,0.380952380952
Ilya_Ivashka,0.37037037037,0.384615384615,0.333333333333,0.222222222222,0.166666666667,0.454545454545,0.5,0.571428571429,0.411764705882,0.0,0.357142857143,0.833333333333,0.142857142857,0.4,0.75,0.857142857143
Inigo_Cervantes_Huegun,0.491803278689,0.514492753623,0.482142857143,0.449438202247,0.433333333333,0.504854368932,0.422535211268,0.474358974359,0.505154639175,0.461538461538,0.519230769231,0.512195121951,0.511363636364,0.484848484848,0.651162790698,0.457627118644
Ivan_Dodig,0.37962962963,0.493333333333,0.340425531915,0.54,0.566666666667,0.489795918367,0.387096774194,0.352941176471,0.387755102041,0.666666666667,0.5625,0.6,0.363636363636,0.4,0.363636363636,0.36
Ivan_Lendl,0.479747974797,0.473227206946,0.502032520325,0.468181818182,0.488524590164,0.479120879121,0.516320474777,0.485380116959,0.502118644068,0.55223880597,0.497524752475,0.460122699387,0.494219653179,0.488805970149,0.595375722543,0.477099236641
Ivan_Ljubicic,0.550561797753,0.548672566372,0.526315789474,0.513513513514,0.416666666667,0.55737704918,0.326923076923,0.377358490566,0.538461538462,0.555555555556,0.423728813559,0.454545454545,0.583333333333,0.333333333333,0.625,0.352941176471
Ivo_Karlovic,0.5,0.492211838006,0.472826086957,0.513636363636,0.460227272727,0.445054945055,0.490196078431,0.517543859649,0.517543859649,0.636363636364,0.44,0.5,0.517045454545,0.467532467532,0.7,0.463768115942
Izak_Van_Der_Merwe,0.4375,0.333333333333,0.5,0.5,0.666666666667,0.333333333333,0.285714285714,0.0,0.6,0.666666666667,0.571428571429,0.333333333333,0.0,0.5,0.6,0.2
Jack_Sock,0.482378854626,0.512195121951,0.495,0.451612903226,0.446153846154,0.5,0.474074074074,0.496062992126,0.494565217391,0.416666666667,0.428571428571,0.451612903226,0.535031847134,0.481481481481,0.622950819672,0.485981308411
James_Blake,0.41726618705,0.469135802469,0.47619047619,0.428571428571,0.352941176471,0.574074074074,0.390243902439,0.488888888889,0.43661971831,0.307692307692,0.491228070175,0.423076923077,0.48,0.513513513514,0.434782608696,0.485714285714
James_Duckworth,0.522727272727,0.655172413793,0.631578947368,0.684210526316,0.6,0.631578947368,0.473684210526,0.529411764706,0.6,0.0,0.733333333333,0.5,0.818181818182,0.307692307692,0.4,0.5
James_Mcgee,0.0,0.0,0.0,0.0,0.0,0.0,0.0,0.0,0.0,0.0,0.0,0.0,0.0,0.0,0.0,0.0
James_Ward,0.517857142857,0.536585365854,0.548387096774,0.4,0.4,0.37037037037,0.55,0.347826086957,0.708333333333,0.0,0.666666666667,0.2,0.590909090909,0.5,0.666666666667,0.7
Jan_Hernych,0.0,0.0,0.0,0.0,0.0,0.0,0.0,0.0,0.0,0.0,0.0,0.0,0.0,0.0,0.0,0.0
Jan_Lennard_Struff,0.458333333333,0.529761904762,0.438596491228,0.572727272727,0.513888888889,0.485148514851,0.45652173913,0.481012658228,0.428571428571,0.454545454545,0.533333333333,0.470588235294,0.472222222222,0.527027027027,0.540540540541,0.388888888889
Jan_Mertl,0.0,0.0,0.0,0.0,0.0,0.0,0.0,0.0,0.0,0.0,0.0,0.0,0.0,0.0,0.0,0.0
Jan_Michael_Gambill,0.576923076923,0.263157894737,0.222222222222,0.571428571429,0.714285714286,0.5,0.142857142857,0.444444444444,0.25,0.0,0.333333333333,0.5,0.333333333333,0.333333333333,0.333333333333,0.333333333333
Jan_Satral,0.6,0.5,0.333333333333,0.428571428571,0.5,0.75,0.333333333333,0.142857142857,0.416666666667,0.0,0.25,1.0,0.571428571429,0.166666666667,1.0,0.666666666667
Janko_Tipsarevic,0.446601941748,0.458333333333,0.488372093023,0.448979591837,0.423076923077,0.469387755102,0.53125,0.6,0.446428571429,0.0,0.518518518519,0.428571428571,0.457142857143,0.454545454545,0.6,0.0
Jared_Donaldson,0.515306122449,0.480620155039,0.621951219512,0.566265060241,0.603448275862,0.453488372093,0.636363636364,0.521739130435,0.651685393258,0.545454545455,0.578125,0.571428571429,0.611111111111,0.473684210526,0.458333333333,0.394736842105
Jarkko_Nieminen,0.455223880597,0.337837837838,0.382352941176,0.395348837209,0.4375,0.533333333333,0.512820512821,0.636363636364,0.333333333333,0.444444444444,0.466666666667,0.391304347826,0.311111111111,0.425531914894,0.538461538462,0.424242424242
Jarmere_Jenkins,0.0,0.0,0.0,0.0,0.0,0.0,0.0,0.0,0.0,0.0,0.0,0.0,0.0,0.0,0.0,0.0
Jason_Jung,0.0,0.0,0.0,0.0,0.0,0.0,0.0,0.0,0.0,0.0,0.0,0.0,0.0,0.0,0.0,0.0
Jason_Kubler,0.277777777778,0.1,0.666666666667,0.333333333333,0.25,0.571428571429,0.666666666667,0.0,0.466666666667,1.0,0.375,0.333333333333,0.75,0.4,0.6,0.142857142857
Jason_Stoltenberg,0.4,0.285714285714,0.555555555556,0.375,0.2,0.444444444444,0.6,0.0,0.642857142857,0.5,0.5,0.666666666667,0.75,0.75,0.0,0.4
Jay_Berger,0.0,0.0,0.0,0.0,0.0,0.0,0.0,0.0,0.0,0.0,0.0,0.0,0.0,0.0,0.0,0.0
Jean_Yves_Aubone,0.380952380952,0.5,0.625,0.666666666667,0.142857142857,0.571428571429,0.571428571429,0.833333333333,0.75,1.0,0.454545454545,0.5,0.714285714286,0.5,1.0,0.666666666667
Jeremy_Chardy,0.526645768025,0.554404145078,0.463768115942,0.53488372093,0.619047619048,0.469696969697,0.405660377358,0.405940594059,0.41592920354,0.4,0.483606557377,0.4375,0.527272727273,0.481012658228,0.425,0.407894736842
Jeremy_Jahn,0.367346938776,0.375,0.625,0.217391304348,0.416666666667,0.571428571429,0.785714285714,0.666666666667,0.315789473684,0.666666666667,0.470588235294,0.8,0.47619047619,0.615384615385,0.571428571429,0.3
Jerzy_Janowicz,0.486033519553,0.553571428571,0.384615384615,0.486111111111,0.444444444444,0.388888888889,0.571428571429,0.508474576271,0.459459459459,0.5,0.484375,0.44,0.467741935484,0.5,0.705882352941,0.552631578947
Jesse_Huta_Galung,0.0,0.0,0.0,0.0,0.0,0.0,0.0,0.0,0.0,0.0,0.0,0.0,0.0,0.0,0.0,0.0
Jim_Courier,0.488695652174,0.543307086614,0.466666666667,0.514170040486,0.524390243902,0.487603305785,0.512658227848,0.505555555556,0.536363636364,0.567567567568,0.529411764706,0.506172839506,0.463768115942,0.536,0.597402597403,0.526315789474
Jimmy_Connors,0.464615384615,0.517412935323,0.5,0.526315789474,0.473684210526,0.562962962963,0.555555555556,0.491228070175,0.525974025974,0.478260869565,0.504201680672,0.541666666667,0.382608695652,0.523255813953,0.291666666667,0.698630136986
Jimmy_Wang,0.318181818182,0.363636363636,0.454545454545,0.333333333333,0.428571428571,0.444444444444,0.0,0.5,0.714285714286,0.0,0.6,1.0,0.333333333333,0.6,0.0,1.0
Jiri_Hrebec,0.0,0.0,0.0,0.0,0.0,0.0,0.0,0.0,0.0,0.0,0.0,0.0,0.0,0.0,0.0,0.0
Jiri_Novak,0.0,0.0,0.0,0.0,0.0,0.0,0.0,0.0,0.0,0.0,0.0,0.0,0.0,0.0,0.0,0.0
Jiri_Vesely,0.52380952381,0.528985507246,0.563636363636,0.469387755102,0.672131147541,0.592592592593,0.507042253521,0.609375,0.506329113924,0.722222222222,0.45871559633,0.358974358974,0.52688172043,0.5,0.515151515152,0.476923076923
Jo_Wilfried_Tsonga,0.510359869138,0.502555366269,0.496277915633,0.489743589744,0.486381322957,0.502450980392,0.510714285714,0.480836236934,0.497487437186,0.488888888889,0.460317460317,0.522935779817,0.510447761194,0.447916666667,0.642857142857,0.477528089888
Jo_Wilfried_Tsonga_,0.72,0.75,0.5,0.625,0.666666666667,0.4,0.875,0.8,0.555555555556,1.0,0.384615384615,0.666666666667,0.5,0.5,1.0,0.75
Joao_Domingues,0.0,0.0,0.0,0.0,0.0,0.0,0.0,0.0,0.0,0.0,0.0,0.0,0.0,0.0,0.0,0.0
Joao_Sousa,0.529247910864,0.467248908297,0.525641025641,0.441379310345,0.565217391304,0.479452054795,0.528301886792,0.495726495726,0.552631578947,0.478260869565,0.579365079365,0.5,0.515873015873,0.5,0.385964912281,0.4625
Joao_Souza,0.0,0.0,0.0,0.0,0.0,0.0,0.0,0.0,0.0,0.0,0.0,0.0,0.0,0.0,0.0,0.0
Johan_Kriek,0.0,0.0,0.0,0.0,0.0,0.0,0.0,0.0,0.0,0.0,0.0,0.0,0.0,0.0,0.0,0.0
John_Isner,0.472686733556,0.479270315091,0.509641873278,0.501199040767,0.495176848875,0.479224376731,0.454918032787,0.490347490347,0.530864197531,0.631578947368,0.498069498069,0.524390243902,0.488958990536,0.508771929825,0.524590163934,0.518796992481
John_Mcenroe,0.502683363148,0.54469273743,0.542735042735,0.538775510204,0.5,0.507042253521,0.557046979866,0.538922155689,0.512315270936,0.592592592593,0.505208333333,0.444444444444,0.532338308458,0.4921875,0.484375,0.47619047619
John_Millman,0.438095238095,0.4,0.666666666667,0.541666666667,0.551724137931,0.479166666667,0.526315789474,0.611111111111,0.521739130435,0.333333333333,0.628571428571,0.666666666667,0.363636363636,0.4,0.461538461538,0.454545454545
John_Newcombe,0.0,0.0,0.0,0.0,0.0,0.0,0.0,0.0,0.0,0.0,0.0,0.0,0.0,0.0,0.0,0.0
John_Patrick_Smith,0.545454545455,0.571428571429,0.5,0.714285714286,0.75,0.5,0.8,0.5,0.5,1.0,0.428571428571,0.0,0.571428571429,0.714285714286,0.142857142857,0.4
John_Sadri,0.433333333333,0.647058823529,0.5,0.285714285714,0.6,0.642857142857,0.285714285714,0.428571428571,0.166666666667,0.0,0.416666666667,0.666666666667,0.461538461538,0.2,1.0,0.2
Jonas_Bjorkman,0.397959183673,0.433333333333,0.448979591837,0.342857142857,0.384615384615,0.342857142857,0.529411764706,0.428571428571,0.568181818182,0.0,0.444444444444,0.416666666667,0.533333333333,0.451612903226,0.454545454545,0.518518518519
Jonas_Svensson,0.475,0.481481481481,0.642857142857,0.380952380952,0.6,0.375,0.4,0.666666666667,0.461538461538,1.0,0.461538461538,0.4,0.647058823529,0.375,0.0,0.333333333333
Jonathan_Eysseric,0.0,0.0,0.0,0.0,0.0,0.0,0.0,0.0,0.0,0.0,0.0,0.0,0.0,0.0,0.0,0.0
Jordan_Thompson,0.477611940299,0.546666666667,0.466666666667,0.395833333333,0.692307692308,0.64406779661,0.410256410256,0.527777777778,0.525423728814,0.615384615385,0.614035087719,0.583333333333,0.477272727273,0.676470588235,0.346153846154,0.514285714286
Jordi_Samper_Montana,0.631578947368,0.285714285714,0.727272727273,0.25,1.0,0.3,0.727272727273,0.8,0.636363636364,1.0,0.416666666667,0.75,0.4,0.428571428571,0.0,0.5
Joris_De_Loore,0.533333333333,0.307692307692,0.555555555556,0.166666666667,0.4,0.428571428571,0.583333333333,0.625,0.666666666667,0.0,0.470588235294,0.333333333333,0.5,0.529411764706,0.444444444444,0.571428571429
Jose_Hernandez,0.272727272727,0.333333333333,0.545454545455,0.75,0.0,0.5,0.571428571429,0.428571428571,0.625,1.0,0.5,0.5,0.428571428571,0.666666666667,0.333333333333,0.333333333333
Jose_Pereira,0.5,0.5,0.25,0.25,0.0,0.571428571429,0.25,0.2,0.285714285714,0.2,0.5,0.625,0.5,0.428571428571,0.25,0.571428571429
Jose_Rubin_Statham,0.5625,0.4,0.375,1.0,0.0,0.333333333333,0.444444444444,0.222222222222,0.384615384615,0.0,0.454545454545,0.5,0.333333333333,0.285714285714,0.666666666667,0.4
Jozef_Kovalik,0.448275862069,0.714285714286,0.733333333333,0.571428571429,0.25,0.454545454545,0.5,0.5,0.571428571429,0.5,0.428571428571,0.666666666667,0.666666666667,0.444444444444,0.428571428571,0.615384615385
Juan_Aguilera,0.5,0.6,0.571428571429,0.8,0.25,0.571428571429,0.5,0.714285714286,0.625,0.0,0.7,0.375,0.625,0.833333333333,0.6,0.5
Juan_Carlos_Ferrero,0.523160762943,0.490990990991,0.48275862069,0.518518518519,0.450549450549,0.554794520548,0.491071428571,0.555555555556,0.496894409938,0.541666666667,0.514084507042,0.509090909091,0.491071428571,0.456310679612,0.441176470588,0.479591836735
Juan_Carlos_Saez,0.0,0.0,0.0,0.0,0.0,0.0,0.0,0.0,0.0,0.0,0.0,0.0,0.0,0.0,0.0,0.0
Juan_Ignacio_Chela,0.0,0.0,0.0,0.0,0.0,0.0,0.0,0.0,0.0,0.0,0.0,0.0,0.0,0.0,0.0,0.0
Juan_Martin_Del_Potro,0.503870967742,0.485059760956,0.504491017964,0.481762917933,0.492027334852,0.537202380952,0.497777777778,0.50641025641,0.534129692833,0.486111111111,0.510763209393,0.446808510638,0.459412780656,0.567975830816,0.496894409938,0.565495207668
Juan_Monaco,0.0,0.0,0.0,0.0,0.0,0.0,0.0,0.0,0.0,0.0,0.0,0.0,0.0,0.0,0.0,0.0
Julian_Reister,0.0,0.0,0.0,0.0,0.0,0.0,0.0,0.0,0.0,0.0,0.0,0.0,0.0,0.0,0.0,0.0
Julien_Benneteau,0.535031847134,0.488888888889,0.513157894737,0.473684210526,0.432432432432,0.507936507937,0.438596491228,0.431034482759,0.424657534247,0.666666666667,0.439393939394,0.521739130435,0.551020408163,0.46,0.5,0.388888888889
Julien_Boutter,0.515151515152,0.444444444444,0.352941176471,0.545454545455,0.6,0.538461538462,0.333333333333,0.375,0.428571428571,1.0,0.214285714286,0.75,0.545454545455,0.5,0.6,0.6
Jurgen_Melzer,0.452830188679,0.405405405405,0.4,0.37037037037,0.25,0.368421052632,0.882352941176,0.727272727273,0.52,0.0,0.466666666667,0.5,0.411764705882,0.357142857143,0.625,0.4
Jurgen_Zopp,0.444444444444,0.333333333333,0.642857142857,0.588235294118,0.444444444444,0.357142857143,0.8,0.857142857143,0.375,0.5,0.181818181818,0.5,0.266666666667,0.3,0.555555555556,0.3
Karel_Novacek,0.558139534884,0.48,0.4375,0.764705882353,0.444444444444,0.611111111111,0.285714285714,0.45,0.461538461538,0.833333333333,0.555555555556,0.8,0.4,0.3,0.333333333333,0.333333333333
Karen_Khachanov,0.549597855228,0.5,0.539393939394,0.445859872611,0.490196078431,0.519553072626,0.518867924528,0.551724137931,0.557971014493,0.5,0.516393442623,0.380952380952,0.510638297872,0.426666666667,0.404761904762,0.450704225352
Karim_Mohamed_Maamoun,0.468599033816,0.469879518072,0.464480874317,0.487179487179,0.464646464646,0.428571428571,0.503703703704,0.460869565217,0.50234741784,0.527777777778,0.53125,0.5,0.369230769231,0.537735849057,0.524590163934,0.495145631068
Karol_Beck,0.3125,0.444444444444,0.428571428571,0.166666666667,0.2,0.285714285714,0.666666666667,0.0,0.777777777778,0.5,0.571428571429,0.0,0.2,0.0,0.5,0.0
Karol_Kucera,0.0,0.0,0.0,0.0,0.0,0.0,0.0,0.0,0.0,0.0,0.0,0.0,0.0,0.0,0.0,0.0
Kei_Nishikori,0.490893321769,0.482573726542,0.529880478088,0.475991649269,0.451104100946,0.467391304348,0.541420118343,0.529914529915,0.5,0.430769230769,0.53417721519,0.55625,0.485074626866,0.518394648829,0.455555555556,0.518900343643
Ken_Rosewall,0.46511627907,0.37037037037,0.7,0.785714285714,0.833333333333,0.391304347826,0.583333333333,0.470588235294,0.447368421053,0.4,0.375,0.333333333333,0.277777777778,0.444444444444,0.333333333333,0.25
Kenny_De_Schepper,0.518518518519,0.393939393939,0.75,0.51724137931,0.47619047619,0.571428571429,0.25,0.454545454545,0.375,1.0,0.6,0.375,0.6,0.2,0.4,0.75
Kevin_Anderson,0.482334869432,0.504504504505,0.532075471698,0.56,0.540816326531,0.469387755102,0.490797546012,0.421568627451,0.454976303318,0.5,0.568421052632,0.420289855072,0.507299270073,0.458333333333,0.583333333333,0.412371134021
Kevin_Curren,0.0,0.0,0.0,0.0,0.0,0.0,0.0,0.0,0.0,0.0,0.0,0.0,0.0,0.0,0.0,0.0
Kim_Warwick,0.470588235294,0.5,0.461538461538,0.461538461538,0.444444444444,0.461538461538,0.181818181818,0.5,0.444444444444,0.5,0.466666666667,0.571428571429,0.4,0.555555555556,0.5,0.833333333333
Kimmer_Coppejans,0.529411764706,0.535714285714,0.527777777778,0.483870967742,0.52,0.428571428571,0.428571428571,0.304347826087,0.551020408163,0.75,0.5,0.235294117647,0.695652173913,0.521739130435,0.5,0.434782608696
Konstantin_Kravchuk,0.0,0.0,0.0,0.0,0.0,0.0,0.0,0.0,0.0,0.0,0.0,0.0,0.0,0.0,0.0,0.0
Kyle_Edmund,0.511254019293,0.53807106599,0.532374100719,0.528,0.5125,0.484375,0.527777777778,0.486725663717,0.555555555556,0.565217391304,0.467889908257,0.5,0.494736842105,0.506666666667,0.487179487179,0.568965517241
Lamine_Ouahab,0.0,0.0,0.0,0.0,0.0,0.0,0.0,0.0,0.0,0.0,0.0,0.0,0.0,0.0,0.0,0.0
Laslo_Djere,0.552631578947,0.434782608696,0.461538461538,0.6,0.555555555556,0.416666666667,0.466666666667,0.428571428571,0.684210526316,0.0,0.5,0.333333333333,0.333333333333,0.461538461538,0.2,0.545454545455
Laurynas_Grigelis,0.0,0.0,0.0,0.0,0.0,0.0,0.0,0.0,0.0,0.0,0.0,0.0,0.0,0.0,0.0,0.0
Leonardo_Mayer,0.512820512821,0.440594059406,0.524822695035,0.52380952381,0.486842105263,0.458904109589,0.511627906977,0.436893203883,0.492307692308,0.230769230769,0.548076923077,0.435897435897,0.507462686567,0.478873239437,0.333333333333,0.527272727273
Liam_Broady,0.551724137931,0.5,0.416666666667,0.384615384615,0.6,0.428571428571,0.5,0.545454545455,0.333333333333,0.5,0.222222222222,0.25,0.125,0.625,0.75,0.5
Liang_Chi_Huang,0.0,0.0,0.0,0.0,0.0,0.0,0.0,0.0,0.0,0.0,0.0,0.0,0.0,0.0,0.0,0.0
Lleyton_Hewitt,0.491501416431,0.489361702128,0.511834319527,0.494163424125,0.493975903614,0.520134228188,0.516949152542,0.509900990099,0.480938416422,0.421052631579,0.528985507246,0.451923076923,0.453333333333,0.532994923858,0.490740740741,0.535
Lloyd_George_Muirhead_Harris,0.0,0.0,0.0,0.0,0.0,0.0,0.0,0.0,0.0,0.0,0.0,0.0,0.0,0.0,0.0,0.0
Lorenzo_Giustino,0.0,0.0,0.0,0.0,0.0,0.0,0.0,0.0,0.0,0.0,0.0,0.0,0.0,0.0,0.0,0.0
Luca_Vanni,0.534482758621,0.53488372093,0.384615384615,0.423076923077,0.2,0.6875,0.375,0.590909090909,0.294117647059,0.0,0.583333333333,0.333333333333,0.5,0.333333333333,0.8,0.666666666667
Lucas_Pouille,0.483420593368,0.488764044944,0.533333333333,0.448717948718,0.481481481481,0.5,0.577380952381,0.511494252874,0.541666666667,0.666666666667,0.414634146341,0.513888888889,0.5,0.518248175182,0.513888888889,0.4
Lukas_Lacko,0.576271186441,0.612903225806,0.4,0.5,0.6,0.708333333333,0.571428571429,0.619047619048,0.529411764706,0.75,0.423076923077,0.5,0.55,0.714285714286,0.375,0.75
Lukas_Rosol,0.481481481481,0.473404255319,0.444444444444,0.488,0.47619047619,0.484615384615,0.540816326531,0.448598130841,0.44347826087,0.6875,0.460784313725,0.487179487179,0.527777777778,0.466666666667,0.346153846154,0.450980392157
Lukasz_Kubot,0.533333333333,0.428571428571,0.461538461538,0.692307692308,0.375,0.533333333333,0.4,0.285714285714,0.5,0.0,0.444444444444,0.25,0.636363636364,0.5,0.5,0.5
Luke_Saville,0.416666666667,0.448275862069,0.217391304348,0.421052631579,0.636363636364,0.55,0.785714285714,0.461538461538,0.518518518519,0.0,0.421052631579,0.833333333333,0.411764705882,0.4,0.5,0.727272727273
Mackenzie_Mcdonald,0.0,0.0,0.0,0.0,0.0,0.0,0.0,0.0,0.0,0.0,0.0,0.0,0.0,0.0,0.0,0.0
Magnus_Gustafsson,0.0,0.0,0.0,0.0,0.0,0.0,0.0,0.0,0.0,0.0,0.0,0.0,0.0,0.0,0.0,0.0
Magnus_Norman,0.454545454545,0.431818181818,0.55,0.5,0.6,0.5,0.535714285714,0.678571428571,0.492957746479,0.5,0.5,0.625,0.65,0.5,0.866666666667,0.4
Makoto_Ochi,0.375,0.357142857143,0.428571428571,0.222222222222,0.125,0.166666666667,0.75,0.25,0.333333333333,0.0,1.0,0.0,0.25,0.5,1.0,0.5
Malek_Jaziri,0.487972508591,0.484076433121,0.46875,0.46,0.387096774194,0.426086956522,0.563106796117,0.404255319149,0.473333333333,0.592592592593,0.426356589147,0.48275862069,0.46835443038,0.548780487805,0.529411764706,0.507042253521
Malivai_Washington,0.0,0.0,0.0,0.0,0.0,0.0,0.0,0.0,0.0,0.0,0.0,0.0,0.0,0.0,0.0,0.0
Mansour_Bahrami,0.0,0.0,0.0,0.0,0.0,0.0,0.0,0.0,0.0,0.0,0.0,0.0,0.0,0.0,0.0,0.0
Marat_Safin,0.49609375,0.465408805031,0.508620689655,0.529126213592,0.486486486486,0.483253588517,0.512345679012,0.481012658228,0.532188841202,0.608695652174,0.47027027027,0.590909090909,0.469613259669,0.577235772358,0.54,0.554545454545
Marc_Polmans,0.0,0.0,0.0,0.0,0.0,0.0,0.0,0.0,0.0,0.0,0.0,0.0,0.0,0.0,0.0,0.0
Marc_Rosset,0.5,0.510204081633,0.347826086957,0.432432432432,0.576923076923,0.481481481481,0.411764705882,0.391304347826,0.608695652174,0.333333333333,0.45,0.222222222222,0.5,0.538461538462,0.4,0.5
Marc_Sieber,0.487179487179,0.454545454545,0.5,0.461538461538,0.714285714286,0.368421052632,0.4375,0.5,0.375,0.5,0.529411764706,0.25,0.75,0.272727272727,0.4,0.375
Marcel_Granollers,0.484848484848,0.523489932886,0.491228070175,0.440860215054,0.344262295082,0.5,0.435897435897,0.43661971831,0.476635514019,0.44,0.481818181818,0.442307692308,0.545454545455,0.44776119403,0.512820512821,0.369230769231
Marcelo_Arevalo,0.612244897959,0.617647058824,0.45,0.47619047619,0.545454545455,0.375,0.647058823529,0.733333333333,0.176470588235,1.0,0.6,0.25,0.588235294118,0.416666666667,0.666666666667,0.333333333333
Marcelo_Rios,0.506172839506,0.53164556962,0.47572815534,0.572815533981,0.584615384615,0.563106796117,0.475,0.512820512821,0.444444444444,0.555555555556,0.475,0.484848484848,0.463414634146,0.622950819672,0.516129032258,0.617021276596
Marco_Cecchinato,0.598039215686,0.412698412698,0.566037735849,0.472222222222,0.52380952381,0.446808510638,0.545454545455,0.461538461538,0.466666666667,0.666666666667,0.378378378378,0.727272727273,0.542857142857,0.586206896552,0.5,0.565217391304
Marco_Chiudinelli,0.0,0.0,0.0,0.0,0.0,0.0,0.0,0.0,0.0,0.0,0.0,0.0,0.0,0.0,0.0,0.0
Marco_Trungelliti,0.555555555556,0.387096774194,0.516129032258,0.5,0.454545454545,0.473684210526,0.578947368421,0.47619047619,0.583333333333,0.25,0.478260869565,0.444444444444,0.5625,0.5,0.307692307692,0.4
Marcos_Baghdatis,0.49696969697,0.44776119403,0.564935064935,0.491935483871,0.5,0.5,0.462962962963,0.452173913043,0.546666666667,0.375,0.504,0.458333333333,0.511278195489,0.440476190476,0.5,0.454545454545
Marcos_Giron,0.388888888889,0.25,0.666666666667,0.875,0.0,0.25,0.4,0.666666666667,0.375,0.0,0.666666666667,1.0,0.142857142857,0.2,0.2,0.75
Marcus_Willis,0.0,0.0,0.0,0.0,0.0,0.0,0.0,0.0,0.0,0.0,0.0,0.0,0.0,0.0,0.0,0.0
Mardy_Fish,0.464864864865,0.476923076923,0.506329113924,0.3875,0.392156862745,0.5,0.423076923077,0.446153846154,0.593406593407,0.0,0.408163265306,0.0,0.506172839506,0.771428571429,0.0,0.756756756757
Mariano_Puerta,0.488888888889,0.472727272727,0.410256410256,0.555555555556,0.47619047619,0.558823529412,0.40625,0.393939393939,0.5,0.5,0.470588235294,0.428571428571,0.541666666667,0.678571428571,0.5625,0.5
Mariano_Zabaleta,0.0,0.0,0.0,0.0,0.0,0.0,0.0,0.0,0.0,0.0,0.0,0.0,0.0,0.0,0.0,0.0
Marin_Cilic,0.503981797497,0.489247311828,0.440443213296,0.473958333333,0.48046875,0.489010989011,0.488636363636,0.513725490196,0.477211796247,0.574468085106,0.449511400651,0.566666666667,0.49,0.545454545455,0.411764705882,0.491803278689
Marinko_Matosevic,0.533333333333,0.520833333333,0.5,0.357142857143,0.411764705882,0.361111111111,0.434782608696,0.315789473684,0.315789473684,0.0,0.461538461538,0.375,0.484848484848,0.111111111111,0.285714285714,0.157894736842
Marius_Copil,0.579545454545,0.54,0.512195121951,0.484848484848,0.666666666667,0.447368421053,0.6,0.590909090909,0.48275862069,0.75,0.472222222222,0.416666666667,0.46875,0.7,0.545454545455,0.555555555556
Mark_Philippoussis,0.45145631068,0.427536231884,0.578947368421,0.477777777778,0.492753623188,0.481481481481,0.541666666667,0.491525423729,0.491525423729,0.6,0.596774193548,0.4,0.511111111111,0.444444444444,0.411764705882,0.375
Marko_Tepavac,0.391304347826,0.533333333333,0.666666666667,0.333333333333,0.333333333333,0.642857142857,0.333333333333,0.5,0.75,0.0,0.857142857143,0.0,0.416666666667,0.5,1.0,0.0
Markus_Eriksson,0.571428571429,0.5,0.555555555556,0.571428571429,0.6,0.6,0.714285714286,0.5,0.666666666667,0.0,0.555555555556,0.8,0.0,0.333333333333,0.5,0.75
Marsel_Ilhan,0.454545454545,0.421052631579,0.5,0.416666666667,0.5,0.357142857143,0.5,0.428571428571,0.636363636364,0.0,0.357142857143,0.428571428571,0.333333333333,0.444444444444,0.75,0.857142857143
Martin_Klizan,0.512820512821,0.414285714286,0.567796610169,0.525641025641,0.415094339623,0.584158415842,0.470588235294,0.569230769231,0.504201680672,0.4375,0.43956043956,0.441176470588,0.4875,0.533333333333,0.560975609756,0.440677966102
Martin_Verkerk,0.416666666667,0.25,0.166666666667,0.666666666667,0.666666666667,0.3,0.625,0.25,0.333333333333,0.0,0.0833333333333,0.833333333333,0.0,0.5,0.666666666667,0.571428571429
Marton_Fucsovics,0.467889908257,0.478260869565,0.392156862745,0.512195121951,0.48275862069,0.666666666667,0.35,0.472222222222,0.5625,0.6,0.526315789474,0.6,0.46875,0.612903225806,0.384615384615,0.64
Mate_Delic,0.514285714286,0.333333333333,0.388888888889,0.4,0.666666666667,0.294117647059,0.454545454545,0.444444444444,0.333333333333,0.5,0.45,0.571428571429,0.357142857143,0.5,0.166666666667,0.625
Mathias_Bourgue,0.5,0.25,0.375,0.285714285714,0.285714285714,0.2,0.428571428571,0.714285714286,0.5,1.0,0.125,0.4,0.5,0.333333333333,1.0,0.4
Mats_Wilander,0.535637149028,0.555970149254,0.505102040816,0.534482758621,0.569230769231,0.50625,0.462121212121,0.46511627907,0.512195121951,0.454545454545,0.454545454545,0.541176470588,0.525547445255,0.522727272727,0.487179487179,0.551724137931
Matt_Reid,0.0,0.0,0.0,0.0,0.0,0.0,0.0,0.0,0.0,0.0,0.0,0.0,0.0,0.0,0.0,0.0
Matteo_Berrettini,0.5,0.518518518519,0.4,0.352941176471,0.6,0.52380952381,0.4,0.615384615385,0.5,0.5,0.5,0.5,0.352941176471,0.5,0.666666666667,0.375
Matteo_Donati,0.444444444444,0.4,0.333333333333,0.625,0.5,0.444444444444,0.0,0.333333333333,0.555555555556,0.0,0.333333333333,0.0,0.5,0.0,1.0,0.75
Matteo_Viola,0.5,0.625,0.285714285714,0.833333333333,0.666666666667,0.538461538462,0.454545454545,0.6,0.380952380952,0.5,0.5,1.0,0.4,0.166666666667,0.6,0.444444444444
Matthew_Barton,0.555555555556,0.611111111111,0.636363636364,0.461538461538,0.857142857143,0.357142857143,0.363636363636,0.363636363636,0.642857142857,0.0,0.777777777778,0.0,0.2,0.333333333333,0.666666666667,0.5
Matthew_Ebden,0.46835443038,0.479166666667,0.45,0.333333333333,0.45,0.564102564103,0.454545454545,0.565217391304,0.578947368421,1.0,0.516129032258,0.555555555556,0.411764705882,0.444444444444,0.6,0.5
Matthias_Bachinger,0.577777777778,0.384615384615,0.315789473684,0.5625,0.333333333333,0.266666666667,0.615384615385,0.588235294118,0.470588235294,0.25,0.411764705882,0.5,0.3,0.5,0.222222222222,0.5
Mauricio_Echazu,0.0,0.0,0.0,0.0,0.0,0.0,0.0,0.0,0.0,0.0,0.0,0.0,0.0,0.0,0.0,0.0
Max_Mirnyi,0.458333333333,0.333333333333,0.142857142857,0.642857142857,0.5,0.111111111111,0.5,0.5,0.125,0.0,0.333333333333,0.666666666667,0.2,0.571428571429,0.0,0.5
Maxime_Authom,0.0,0.0,0.0,0.0,0.0,0.0,0.0,0.0,0.0,0.0,0.0,0.0,0.0,0.0,0.0,0.0
Maxime_Janvier,0.608695652174,0.571428571429,0.333333333333,0.6,0.625,0.5,0.0,0.75,0.333333333333,0.5,0.5,0.333333333333,0.272727272727,1.0,1.0,0.666666666667
Maximilian_Marterer,0.473684210526,0.52,0.142857142857,0.375,0.5,0.416666666667,0.75,0.7,0.5,0.5,0.384615384615,0.625,0.3,0.5,0.4,0.5
Maximo_Gonzalez,0.0,0.0,0.0,0.0,0.0,0.0,0.0,0.0,0.0,0.0,0.0,0.0,0.0,0.0,0.0,0.0
Michael_Berrer,0.516666666667,0.52380952381,0.425531914894,0.508474576271,0.611111111111,0.40350877193,0.545454545455,0.571428571429,0.295454545455,0.0,0.3125,0.5,0.395833333333,0.428571428571,0.454545454545,0.304347826087
Michael_Chang,0.492424242424,0.484581497797,0.510638297872,0.514705882353,0.4375,0.485549132948,0.451127819549,0.396551724138,0.535519125683,0.571428571429,0.463414634146,0.432835820896,0.454545454545,0.481818181818,0.545454545455,0.43
Michael_Linzer,0.0,0.0,0.0,0.0,0.0,0.0,0.0,0.0,0.0,0.0,0.0,0.0,0.0,0.0,0.0,0.0
Michael_Llodra,0.488372093023,0.416666666667,0.428571428571,0.428571428571,0.583333333333,0.642857142857,0.461538461538,0.642857142857,0.384615384615,1.0,0.526315789474,0.375,0.4375,0.5,0.285714285714,0.125
Michael_Mmoh,0.407407407407,0.41935483871,0.391304347826,0.263157894737,0.4,0.352941176471,0.4375,0.416666666667,0.235294117647,0.666666666667,0.52380952381,0.5,0.416666666667,0.411764705882,0.363636363636,0.615384615385
Michael_Russell,0.0,0.0,0.0,0.0,0.0,0.0,0.0,0.0,0.0,0.0,0.0,0.0,0.0,0.0,0.0,0.0
Michael_Stich,0.45247148289,0.456140350877,0.504424778761,0.469026548673,0.472222222222,0.581196581197,0.566666666667,0.531914893617,0.472,0.333333333333,0.487804878049,0.518518518519,0.475247524752,0.6,0.6875,0.574468085106
Michal_Przysiezny,0.5,0.214285714286,0.571428571429,0.4,0.285714285714,0.666666666667,0.5,0.2,0.2,0.0,0.25,1.0,0.5,0.5,1.0,1.0
Mikael_Pernfors,0.527272727273,0.611111111111,0.384615384615,0.47619047619,0.428571428571,0.347826086957,0.380952380952,0.5,0.470588235294,0.5,0.578947368421,0.375,0.571428571429,0.357142857143,0.375,0.529411764706
Mikael_Torpegaard,0.0,0.0,0.0,0.0,0.0,0.0,0.0,0.0,0.0,0.0,0.0,0.0,0.0,0.0,0.0,0.0
Mikhail_Kukushkin,0.370078740157,0.447368421053,0.459016393443,0.446808510638,0.212121212121,0.283018867925,0.421052631579,0.3125,0.507246376812,0.625,0.428571428571,0.470588235294,0.357142857143,0.387096774194,0.473684210526,0.413793103448
Mikhail_Youzhny,0.428571428571,0.4375,0.530120481928,0.428571428571,0.393939393939,0.53164556962,0.344262295082,0.574074074074,0.434343434343,0.611111111111,0.525423728814,0.52,0.509433962264,0.560975609756,0.478260869565,0.571428571429
Miljan_Zekic,0.538461538462,0.352941176471,0.529411764706,0.25,0.6,0.5,0.5,0.6,0.333333333333,0.0,0.333333333333,1.0,0.272727272727,0.285714285714,0.0,0.6
Milos_Raonic,0.536789297659,0.496277915633,0.522540983607,0.499124343257,0.526992287918,0.523166023166,0.474164133739,0.523676880223,0.489260143198,0.513513513514,0.488888888889,0.401869158879,0.505175983437,0.418918918919,0.556818181818,0.441489361702
Milos_Sekulic,0.277777777778,0.25,0.428571428571,0.166666666667,0.25,0.714285714286,0.333333333333,0.75,0.5,0.0,0.2,0.4,0.5,0.0,0.333333333333,1.0
Miomir_Kecmanovic,0.0,0.0,0.0,0.0,0.0,0.0,0.0,0.0,0.0,0.0,0.0,0.0,0.0,0.0,0.0,0.0
Miroslav_Mecir,0.395833333333,0.354838709677,0.727272727273,0.263157894737,0.142857142857,0.526315789474,0.210526315789,0.266666666667,0.24,0.0,0.823529411765,0.428571428571,0.363636363636,0.4,0.333333333333,0.4
Mirza_Basic,0.0,0.0,0.0,0.0,0.0,0.0,0.0,0.0,0.0,0.0,0.0,0.0,0.0,0.0,0.0,0.0
Mischa_Zverev,0.464615384615,0.508196721311,0.490196078431,0.485981308411,0.544117647059,0.462686567164,0.476635514019,0.527777777778,0.56338028169,0.5,0.474452554745,0.5,0.417475728155,0.566666666667,0.448979591837,0.544303797468
Mitchell_Krueger,0.0,0.0,0.0,0.0,0.0,0.0,0.0,0.0,0.0,0.0,0.0,0.0,0.0,0.0,0.0,0.0
Mohamed_Safwat,0.6,0.5,0.8,0.2,0.666666666667,1.0,0.666666666667,0.5,1.0,0.5,0.555555555556,0.8,0.666666666667,1.0,0.666666666667,1.0
N_Sriram_Balaji,0.666666666667,0.727272727273,1.0,0.8,0.571428571429,0.8,0.666666666667,0.25,0.285714285714,0.0,0.714285714286,0.333333333333,0.666666666667,0.6,0.5,0.5
Nattan_Benjasupawan,0.25,0.142857142857,0.166666666667,0.25,0.0,0.5,0.0,1.0,0.0,1.0,0.4,0.5,0.0,0.333333333333,0.333333333333,0.25
Nick_Kyrgios,0.495446265938,0.500665778961,0.529045643154,0.547368421053,0.531343283582,0.480083857442,0.493506493506,0.51724137931,0.509383378016,0.542857142857,0.509493670886,0.527272727273,0.467933491686,0.540909090909,0.410526315789,0.520618556701
Nicolas_Almagro,0.458193979933,0.486631016043,0.4921875,0.48,0.457831325301,0.414634146341,0.5,0.469879518072,0.533333333333,0.526315789474,0.561904761905,0.526315789474,0.48,0.590909090909,0.428571428571,0.5
Nicolas_Jarry,0.63829787234,0.586206896552,0.466666666667,0.541666666667,0.571428571429,0.444444444444,0.5,0.4375,0.416666666667,0.333333333333,0.235294117647,0.714285714286,0.466666666667,0.181818181818,0.166666666667,0.555555555556
Nicolas_Kicker,0.477272727273,0.56,0.176470588235,0.684210526316,0.8,0.388888888889,0.555555555556,0.272727272727,0.375,0.6,0.421052631579,0.25,0.625,0.363636363636,0.363636363636,0.454545454545
Nicolas_Kiefer,0.454545454545,0.157894736842,0.5,0.307692307692,0.25,0.588235294118,0.307692307692,0.5,0.25,0.0,0.285714285714,0.833333333333,0.272727272727,0.625,0.0,0.444444444444
Nicolas_Lapentti,0.4,0.2,0.375,0.5,0.0,0.375,0.166666666667,0.25,0.333333333333,0.25,0.3,0.4,0.5,1.0,1.0,0.25
Nicolas_Mahut,0.491452991453,0.496732026144,0.514563106796,0.454545454545,0.537313432836,0.530612244898,0.560606060606,0.536231884058,0.547169811321,0.375,0.5,0.586206896552,0.393258426966,0.586206896552,0.466666666667,0.622641509434
Nicolas_Massu,0.0,0.0,0.0,0.0,0.0,0.0,0.0,0.0,0.0,0.0,0.0,0.0,0.0,0.0,0.0,0.0
Niels_Desein,0.647058823529,0.545454545455,0.6,0.666666666667,0.75,0.285714285714,0.833333333333,0.444444444444,0.5,0.0,0.5,1.0,0.8,0.6,0.5,0.5
Nikola_Cacic,0.3125,0.285714285714,0.428571428571,0.4,0.25,0.75,0.2,0.6,0.3,0.0,0.222222222222,0.75,1.0,0.142857142857,0.75,0.6
Nikola_Milojevic,0.0,0.0,0.0,0.0,0.0,0.0,0.0,0.0,0.0,0.0,0.0,0.0,0.0,0.0,0.0,0.0
Nikolay_Davydenko,0.544117647059,0.509202453988,0.4765625,0.529411764706,0.573333333333,0.536363636364,0.488888888889,0.486486486486,0.558823529412,0.473684210526,0.547169811321,0.589743589744,0.576923076923,0.476923076923,0.441176470588,0.492537313433
Nikoloz_Basilashvili,0.489898989899,0.5,0.481927710843,0.5,0.452380952381,0.4375,0.516666666667,0.483333333333,0.488888888889,0.384615384615,0.621951219512,0.410256410256,0.536231884058,0.524590163934,0.416666666667,0.5
Nils_Langer,0.0,0.0,0.0,0.0,0.0,0.0,0.0,0.0,0.0,0.0,0.0,0.0,0.0,0.0,0.0,0.0
Noah_Rubin,0.507936507937,0.393939393939,0.53125,0.473684210526,0.25,0.666666666667,0.409090909091,0.3,0.5,0.5,0.464285714286,0.5,0.571428571429,0.5,0.3,0.391304347826
Norbert_Gombos,0.45,0.333333333333,0.666666666667,0.363636363636,0.428571428571,0.5,0.285714285714,0.333333333333,0.75,1.0,0.4,0.333333333333,0.25,0.5,0.5,0.333333333333
Novak_Djokovic,0.528312259483,0.523611523612,0.521254643005,0.548417132216,0.522988505747,0.539041703638,0.514104778353,0.524106636415,0.516155419223,0.5,0.515695067265,0.505603985056,0.565170362358,0.530367231638,0.513286713287,0.524338172502
Omar_Jasika,0.478260869565,0.375,0.636363636364,0.5,0.428571428571,0.444444444444,0.444444444444,0.75,0.458333333333,0.0,0.857142857143,0.0,0.571428571429,0.428571428571,1.0,0.5
Orlando_Luz,0.375,0.444444444444,0.56,0.25,0.222222222222,0.380952380952,0.352941176471,0.5,0.521739130435,0.8,0.45,0.4,0.307692307692,0.583333333333,0.375,0.75
Oscar_Otte,0.571428571429,0.538461538462,0.333333333333,0.333333333333,0.714285714286,0.8,0.5,0.571428571429,1.0,1.0,0.571428571429,0.6,0.375,0.6,0.0,1.0
Pablo_Andujar,0.462585034014,0.52808988764,0.6,0.489795918367,0.444444444444,0.555555555556,0.603773584906,0.510204081633,0.545454545455,0.7,0.436363636364,0.68,0.522727272727,0.386363636364,0.636363636364,0.391304347826
Pablo_Carreno_Busta,0.562893081761,0.480719794344,0.498305084746,0.506382978723,0.47619047619,0.443661971831,0.430622009569,0.45971563981,0.524822695035,0.58064516129,0.461538461538,0.430107526882,0.491071428571,0.453416149068,0.5,0.462121212121
Pablo_Cuevas,0.546130952381,0.516509433962,0.494382022472,0.545454545455,0.484693877551,0.513986013986,0.455555555556,0.502617801047,0.534693877551,0.6,0.465811965812,0.468085106383,0.546875,0.534246575342,0.588235294118,0.564885496183
Paolo_Lorenzi,0.465798045603,0.502463054187,0.553846153846,0.5,0.435897435897,0.579365079365,0.5,0.454545454545,0.466666666667,0.466666666667,0.59,0.53488372093,0.487179487179,0.547619047619,0.411764705882,0.444444444444
Pat_Cash,0.522388059701,0.436781609195,0.490196078431,0.5,0.5,0.571428571429,0.344827586207,0.511627906977,0.513157894737,0.5,0.488888888889,0.565217391304,0.47619047619,0.5,0.565217391304,0.48
Patrick_Rafter,0.484184914842,0.491289198606,0.490066225166,0.492682926829,0.475862068966,0.5125,0.495238095238,0.518181818182,0.484615384615,0.470588235294,0.547826086957,0.45652173913,0.503703703704,0.55,0.405405405405,0.463768115942
Paul_Henri_Mathieu,0.539007092199,0.5,0.546875,0.413793103448,0.461538461538,0.491803278689,0.555555555556,0.404761904762,0.477611940299,0.142857142857,0.381818181818,0.5625,0.588235294118,0.451612903226,0.8125,0.51724137931
Pavel_Tsoy,0.4375,0.272727272727,0.333333333333,0.142857142857,0.166666666667,0.0,0.4,0.5,0.6,0.5,0.4,0.0,0.0,0.333333333333,0.5,1.0
Pedja_Krstin,0.0,0.0,0.0,0.0,0.0,0.0,0.0,0.0,0.0,0.0,0.0,0.0,0.0,0.0,0.0,0.0
Pedro_Cachin,0.0,0.0,0.0,0.0,0.0,0.0,0.0,0.0,0.0,0.0,0.0,0.0,0.0,0.0,0.0,0.0
Pedro_Sousa,0.0,0.0,0.0,0.0,0.0,0.0,0.0,0.0,0.0,0.0,0.0,0.0,0.0,0.0,0.0,0.0
Pere_Riba,0.409090909091,0.285714285714,0.625,0.4,0.6,0.555555555556,1.0,0.75,0.571428571429,1.0,0.428571428571,0.333333333333,0.727272727273,0.333333333333,0.5,0.6
Pete_Sampras,0.561079545455,0.52983465133,0.560922063666,0.54295154185,0.529133858268,0.535593220339,0.454545454545,0.476043276662,0.527318932656,0.565217391304,0.513473053892,0.445833333333,0.537352555701,0.447427293065,0.483870967742,0.518817204301
Peter_Gojowczyk,0.446043165468,0.548780487805,0.47619047619,0.518518518519,0.483870967742,0.485294117647,0.411764705882,0.565217391304,0.395348837209,0.6,0.392857142857,0.52380952381,0.548387096774,0.448275862069,0.47619047619,0.428571428571
Peter_Polansky,0.487804878049,0.510638297872,0.552631578947,0.535714285714,0.588235294118,0.352941176471,0.62962962963,0.392857142857,0.4,0.333333333333,0.558823529412,0.2,0.555555555556,0.583333333333,0.571428571429,0.5
Petr_Korda,0.582278481013,0.5,0.5,0.48275862069,0.47619047619,0.357142857143,0.28,0.333333333333,0.484848484848,0.416666666667,0.512820512821,0.5,0.5,0.555555555556,0.25,0.65
Philipp_Kohlschreiber,0.527303754266,0.519083969466,0.532258064516,0.554263565891,0.570588235294,0.5,0.488888888889,0.48087431694,0.505102040816,0.333333333333,0.521739130435,0.492957746479,0.487179487179,0.51677852349,0.544117647059,0.531914893617
Pierre_Hugues_Herbert,0.456953642384,0.441176470588,0.4,0.445945945946,0.530612244898,0.483870967742,0.394736842105,0.450980392157,0.43137254902,0.5,0.409090909091,0.588235294118,0.518518518519,0.592592592593,0.777777777778,0.55
Quentin_Halys,0.375,0.333333333333,0.428571428571,0.285714285714,0.666666666667,0.5,0.333333333333,0.0,0.4,0.0,0.25,1.0,0.75,0.666666666667,1.0,0.333333333333
Radek_Stepanek,0.503267973856,0.533980582524,0.514705882353,0.417910447761,0.47619047619,0.428571428571,0.519230769231,0.354166666667,0.46511627907,0.285714285714,0.5625,0.5625,0.46,0.435897435897,0.409090909091,0.461538461538
Radu_Albot,0.506172839506,0.553191489362,0.348837209302,0.56,0.533333333333,0.454545454545,0.392857142857,0.333333333333,0.46875,0.4,0.470588235294,0.461538461538,0.451612903226,0.588235294118,0.454545454545,0.545454545455
Rafael_Nadal,0.511231210944,0.533222129552,0.530203784571,0.525823686554,0.546693933197,0.541816726691,0.521231422505,0.526455026455,0.500191350938,0.541176470588,0.528648164727,0.499402628435,0.517605633803,0.528524590164,0.498753117207,0.524079320113
Rafael_Nadal_,0.5,0.47619047619,0.6,0.461538461538,0.222222222222,0.625,0.4,0.4,0.344827586207,0.6,0.3125,0.555555555556,0.571428571429,0.4,0.375,0.416666666667
Rainer_Schuettler,0.438356164384,0.511627906977,0.461538461538,0.354838709677,0.352941176471,0.484848484848,0.5,0.45,0.407407407407,0.333333333333,0.5,0.285714285714,0.391304347826,0.266666666667,0.5,0.153846153846
Rajeev_Ram,0.574257425743,0.571428571429,0.358974358974,0.418604651163,0.7,0.447368421053,0.52,0.393939393939,0.548387096774,0.571428571429,0.558823529412,0.266666666667,0.575,0.590909090909,0.666666666667,0.555555555556
Ramkumar_Ramanathan,0.48,0.414634146341,0.294117647059,0.321428571429,0.411764705882,0.444444444444,0.533333333333,0.666666666667,0.266666666667,0.0,0.75,0.0,0.222222222222,0.307692307692,0.5,0.666666666667
Reilly_Opelka,0.5,0.636363636364,0.666666666667,0.590909090909,0.714285714286,0.47619047619,0.375,0.333333333333,0.6,0.0,0.625,0.0,0.466666666667,0.8,0.4,0.5
Renzo_Olivo,0.431034482759,0.324324324324,0.363636363636,0.44,0.444444444444,0.428571428571,0.578947368421,0.4,0.414634146341,0.0,0.52380952381,0.454545454545,0.529411764706,0.5,0.6,0.473684210526
Ricardas_Berankis,0.512820512821,0.510204081633,0.492307692308,0.55223880597,0.363636363636,0.47619047619,0.5,0.571428571429,0.4,0.545454545455,0.561403508772,0.608695652174,0.540983606557,0.540540540541,0.352941176471,0.567567567568
Ricardo_Hocevar,0.0,0.0,0.0,0.0,0.0,0.0,0.0,0.0,0.0,0.0,0.0,0.0,0.0,0.0,0.0,0.0
Richard_Gasquet,0.47007616975,0.452961672474,0.489156626506,0.438547486034,0.448,0.540540540541,0.425373134328,0.508591065292,0.467261904762,0.537037037037,0.484939759036,0.598484848485,0.486567164179,0.47619047619,0.51724137931,0.534759358289
Richard_Kraijcek,0.571428571429,0.611111111111,0.625,0.466666666667,0.727272727273,0.545454545455,0.6,0.875,0.444444444444,0.75,0.7,0.6,0.6,1.0,0.25,1.0
Richard_Krajicek,0.48275862069,0.450704225352,0.704545454545,0.62,0.666666666667,0.479166666667,0.571428571429,0.647058823529,0.589743589744,0.428571428571,0.545454545455,0.619047619048,0.428571428571,0.5,0.571428571429,0.428571428571
Robby_Ginepri,0.333333333333,0.444444444444,0.111111111111,0.166666666667,0.0,0.285714285714,0.6,0.0,0.285714285714,0.0,0.333333333333,0.5,0.5,0.285714285714,0.75,0.4
Roberto_Bautista_Agut,0.48275862069,0.509234828496,0.537037037037,0.504201680672,0.509554140127,0.485185185185,0.518518518519,0.479381443299,0.486607142857,0.259259259259,0.470588235294,0.521739130435,0.504672897196,0.417808219178,0.460526315789,0.45045045045
Roberto_Carballes_Baena,0.707692307692,0.473684210526,0.545454545455,0.636363636364,0.833333333333,0.48275862069,0.428571428571,0.294117647059,0.518518518519,0.0,0.4,0.625,0.551724137931,0.692307692308,0.375,0.454545454545
Robin_Haase,0.467889908257,0.482517482517,0.510638297872,0.594059405941,0.514705882353,0.41935483871,0.490196078431,0.365079365079,0.528571428571,0.375,0.514705882353,0.4375,0.494736842105,0.571428571429,0.529411764706,0.488372093023
Robin_Soderling,0.488235294118,0.461538461538,0.461538461538,0.51048951049,0.469387755102,0.51048951049,0.469387755102,0.403669724771,0.592592592593,0.421052631579,0.518181818182,0.444444444444,0.48,0.56338028169,0.441176470588,0.56862745098
Rod_Laver,0.0,0.0,0.0,0.0,0.0,0.0,0.0,0.0,0.0,0.0,0.0,0.0,0.0,0.0,0.0,0.0
Roger_Federer,0.540659093465,0.548988566403,0.519897959184,0.561417748918,0.574209245742,0.51647772212,0.524431182395,0.51863684771,0.514107433532,0.491484184915,0.531362889984,0.511210762332,0.52600619195,0.498058252427,0.507984031936,0.491137793025
Roger_Federer_,0.642857142857,0.4,0.818181818182,0.642857142857,0.6,0.545454545455,0.625,0.666666666667,0.444444444444,0.5,0.625,0.666666666667,0.833333333333,0.6,0.0,0.75
Rogerio_Dutra_Silva,0.483870967742,0.666666666667,0.529411764706,0.769230769231,1.0,0.545454545455,0.461538461538,0.538461538462,0.6,0.0,0.6,0.0,0.375,0.555555555556,0.5,0.875
Roscoe_Tanner,0.541666666667,0.342857142857,0.684210526316,0.380952380952,0.615384615385,0.526315789474,0.4,0.454545454545,0.384615384615,0.0,0.666666666667,0.428571428571,0.444444444444,0.428571428571,0.2,0.5
Ruben_Bemelmans,0.0,0.0,0.0,0.0,0.0,0.0,0.0,0.0,0.0,0.0,0.0,0.0,0.0,0.0,0.0,0.0
Ruben_Gonzales,0.3125,0.222222222222,0.5,0.25,0.166666666667,0.4,0.5,0.5,0.0,0.0,0.428571428571,0.5,0.5,0.0,0.0,0.0
Ruben_Ramirez_Hidalgo,0.0,0.0,0.0,0.0,0.0,0.0,0.0,0.0,0.0,0.0,0.0,0.0,0.0,0.0,0.0,0.0
Rudy_Coco,0.4375,0.666666666667,0.285714285714,0.4,0.5,0.285714285714,0.428571428571,0.0,0.25,1.0,0.571428571429,0.25,0.5,0.5,0.0,0.4
Ryan_Harrison,0.50495049505,0.47641509434,0.435483870968,0.474452554745,0.520833333333,0.487179487179,0.524390243902,0.546511627907,0.49,0.538461538462,0.428571428571,0.628571428571,0.552631578947,0.614285714286,0.5,0.646153846154
Saketh_Myneni,0.666666666667,0.333333333333,0.5,0.75,0.5,0.272727272727,0.857142857143,0.444444444444,0.571428571429,0.666666666667,0.444444444444,0.6,0.5,0.666666666667,1.0,0.5
Salvatore_Caruso,0.0,0.0,0.0,0.0,0.0,0.0,0.0,0.0,0.0,0.0,0.0,0.0,0.0,0.0,0.0,0.0
Sam_Querrey,0.503432494279,0.5,0.553571428571,0.524509803922,0.570422535211,0.485380116959,0.518181818182,0.569230769231,0.467065868263,0.45,0.484848484848,0.589285714286,0.468208092486,0.463157894737,0.444444444444,0.471428571429
Samuel_Groth,0.437037037037,0.494845360825,0.561403508772,0.492537313433,0.56862745098,0.528301886792,0.444444444444,0.525,0.479166666667,0.0,0.571428571429,0.375,0.45652173913,0.461538461538,0.625,0.421052631579
Sanam_Singh,0.0,0.0,0.0,0.0,0.0,0.0,0.0,0.0,0.0,0.0,0.0,0.0,0.0,0.0,0.0,0.0
Sanjar_Fayziev,0.375,0.4,0.166666666667,0.333333333333,0.5,0.5,0.4,0.666666666667,0.428571428571,1.0,0.333333333333,0.5,0.5,0.285714285714,0.5,0.666666666667
Santiago_Giraldo,0.5,0.457142857143,0.5,0.410256410256,0.407407407407,0.5,0.463414634146,0.470588235294,0.368421052632,0.0,0.428571428571,0.545454545455,0.393939393939,0.40625,0.666666666667,0.392857142857
Scott_Griekspoor,0.0,0.0,0.0,0.0,0.0,0.0,0.0,0.0,0.0,0.0,0.0,0.0,0.0,0.0,0.0,0.0
Sebastian_Fanselow,0.642857142857,0.5,0.666666666667,0.6,0.666666666667,0.625,0.5,0.857142857143,0.714285714286,0.5,0.833333333333,0.666666666667,0.5,1.0,1.0,0.0
Sebastian_Ofner,0.333333333333,0.611111111111,0.5,0.5,0.2,0.666666666667,0.625,0.6,0.3,0.0,0.636363636364,0.6,0.727272727273,0.428571428571,0.333333333333,0.0
Sebastien_Grosjean,0.438848920863,0.543209876543,0.438596491228,0.490909090909,0.513513513514,0.578947368421,0.454545454545,0.439024390244,0.463414634146,0.75,0.509090909091,0.5,0.510638297872,0.470588235294,0.3,0.53125
Sekou_Bangoura,0.0,0.0,0.0,0.0,0.0,0.0,0.0,0.0,0.0,0.0,0.0,0.0,0.0,0.0,0.0,0.0
Sergi_Bruguera,0.473684210526,0.403726708075,0.530434782609,0.468085106383,0.375,0.483516483516,0.5,0.513888888889,0.512195121951,0.4375,0.475609756098,0.411764705882,0.530120481928,0.5,0.5,0.425925925926
Sergiy_Stakhovsky,0.472868217054,0.450292397661,0.495238095238,0.478632478632,0.494252873563,0.540816326531,0.460526315789,0.5,0.5,0.454545454545,0.523255813953,0.371428571429,0.391304347826,0.524590163934,0.52,0.528301886792
Sho_Katayama,0.666666666667,0.888888888889,0.6,0.8,1.0,0.25,0.666666666667,0.285714285714,1.0,0.0,0.444444444444,0.333333333333,0.666666666667,0.5,0.5,0.5
Simone_Bolelli,0.0,0.0,0.0,0.0,0.0,0.0,0.0,0.0,0.0,0.0,0.0,0.0,0.0,0.0,0.0,0.0
Slobodan_Zivojinovic,0.0,0.0,0.0,0.0,0.0,0.0,0.0,0.0,0.0,0.0,0.0,0.0,0.0,0.0,0.0,0.0
Somdev_Devvarman,0.433333333333,0.514285714286,0.48,0.391304347826,0.4,0.458333333333,0.5,0.380952380952,0.416666666667,0.2,0.565217391304,0.4,0.375,0.5,0.333333333333,0.571428571429
Soon_Woo_Kwon,0.58064516129,0.555555555556,0.636363636364,0.428571428571,0.1,0.4,0.666666666667,0.5,0.5,0.0,0.333333333333,0.8,0.625,0.555555555556,0.75,0.6
Stanislas_Wawrinka,0.516552154903,0.510365251728,0.520775623269,0.461300309598,0.471962616822,0.485074626866,0.514344262295,0.530214424951,0.514893617021,0.505617977528,0.454225352113,0.488262910798,0.489795918367,0.469543147208,0.497435897436,0.472140762463
Stanislas_Wawrinka_,0.457831325301,0.482142857143,0.472222222222,0.393939393939,0.333333333333,0.676470588235,0.782608695652,0.464285714286,0.51724137931,0.333333333333,0.384615384615,0.769230769231,0.571428571429,0.833333333333,0.375,0.6875
Stefan_Edberg,0.510756972112,0.50375,0.474452554745,0.498062015504,0.472463768116,0.470703125,0.606060606061,0.539024390244,0.490566037736,0.382352941176,0.491916859122,0.497041420118,0.506880733945,0.555194805195,0.505154639175,0.540925266904
Stefan_Kozlov,0.46511627907,0.6,0.388888888889,0.3125,0.5,0.526315789474,0.333333333333,0.3,0.4,0.75,0.529411764706,0.25,0.5,0.555555555556,0.454545454545,0.416666666667
Stefano_Napolitano,0.0,0.0,0.0,0.0,0.0,0.0,0.0,0.0,0.0,0.0,0.0,0.0,0.0,0.0,0.0,0.0
Stefano_Travaglia,0.0,0.0,0.0,0.0,0.0,0.0,0.0,0.0,0.0,0.0,0.0,0.0,0.0,0.0,0.0,0.0
Stefanos_Tsitsipas,0.496732026144,0.556701030928,0.491228070175,0.435483870968,0.405405405405,0.440677966102,0.462962962963,0.446428571429,0.545454545455,0.384615384615,0.436363636364,0.484848484848,0.470588235294,0.395348837209,0.6,0.424242424242
Stephane_Robert,0.0,0.0,0.0,0.0,0.0,0.0,0.0,0.0,0.0,0.0,0.0,0.0,0.0,0.0,0.0,0.0
Steve_Darcis,0.493333333333,0.4375,0.482352941176,0.505747126437,0.517857142857,0.488636363636,0.410714285714,0.524590163934,0.547368421053,0.625,0.559139784946,0.489795918367,0.464285714286,0.475409836066,0.4,0.5
Steve_Denton,0.371428571429,0.457142857143,0.605263157895,0.166666666667,0.545454545455,0.6,0.423076923077,0.576923076923,0.416666666667,0.0,0.272727272727,0.583333333333,0.5,0.545454545455,0.285714285714,0.5
Steve_Johnson,0.486552567237,0.515625,0.58282208589,0.508287292818,0.455284552846,0.51724137931,0.530973451327,0.52380952381,0.474489795918,0.75,0.48951048951,0.4,0.465408805031,0.523255813953,0.431818181818,0.486111111111
Steven_Diez,0.422222222222,0.56,0.842105263158,0.5,0.5,0.5625,0.5,0.631578947368,0.565217391304,0.0,0.7,0.7,0.466666666667,0.4375,0.375,0.583333333333
Takanyi_Garanganga,0.535714285714,0.411764705882,0.333333333333,0.555555555556,0.5,0.6,0.285714285714,0.111111111111,0.666666666667,0.0,0.636363636364,0.75,0.666666666667,0.6,0.285714285714,0.5
Taro_Daniel,0.494949494949,0.519230769231,0.477272727273,0.529411764706,0.578947368421,0.53488372093,0.333333333333,0.5625,0.5,0.5,0.5,0.5,0.41935483871,0.291666666667,0.6,0.347826086957
Tatsuma_Ito,0.0,0.0,0.0,0.0,0.0,0.0,0.0,0.0,0.0,0.0,0.0,0.0,0.0,0.0,0.0,0.0
Taylor_Fritz,0.0,0.0,0.0,0.0,0.0,0.0,0.0,0.0,0.0,0.0,0.0,0.0,0.0,0.0,0.0,0.0
Taylor_Harry_Fritz,0.532934131737,0.415094339623,0.493506493506,0.573529411765,0.428571428571,0.513157894737,0.574074074074,0.413793103448,0.517857142857,0.25,0.55737704918,0.454545454545,0.40625,0.621621621622,0.466666666667,0.454545454545
Tennys_Sandgren,0.490909090909,0.576923076923,0.434210526316,0.41935483871,0.486486486486,0.532467532468,0.470588235294,0.48,0.530864197531,0.5,0.456140350877,0.478260869565,0.537037037037,0.487804878049,0.730769230769,0.475
Teymuraz_Gabashvili,0.45703125,0.452229299363,0.496124031008,0.372340425532,0.384615384615,0.535087719298,0.532608695652,0.525,0.471014492754,0.714285714286,0.469387755102,0.5625,0.506172839506,0.41935483871,0.64,0.476923076923
Thanasi_Kokkinakis,0.409395973154,0.410526315789,0.481481481481,0.376811594203,0.391304347826,0.466666666667,0.511111111111,0.530612244898,0.48275862069,0.833333333333,0.490196078431,0.478260869565,0.411764705882,0.470588235294,0.461538461538,0.545454545455
Thiago_Monteiro,0.422680412371,0.451612903226,0.435897435897,0.45652173913,0.393939393939,0.378378378378,0.458333333333,0.473684210526,0.541666666667,0.5,0.424242424242,0.4,0.571428571429,0.714285714286,0.375,0.521739130435
Thiemo_De_Bakker,0.42,0.382352941176,0.588235294118,0.5,0.352941176471,0.380952380952,0.357142857143,0.583333333333,0.428571428571,0.25,0.333333333333,0.75,0.375,0.857142857143,0.25,0.8
Thomas_Enqvist,0.48125,0.45,0.528571428571,0.396825396825,0.5,0.486111111111,0.487804878049,0.54347826087,0.48,0.625,0.446428571429,0.434782608696,0.526315789474,0.470588235294,0.65,0.448275862069
Thomas_Fabbiano,0.530303030303,0.410256410256,0.5,0.428571428571,0.538461538462,0.592592592593,0.375,0.545454545455,0.333333333333,0.444444444444,0.461538461538,0.571428571429,0.434782608696,0.5625,0.272727272727,0.625
Thomas_Johansson,0.690476190476,0.625,0.294117647059,0.470588235294,0.818181818182,0.578947368421,0.666666666667,0.545454545455,0.428571428571,1.0,0.470588235294,0.142857142857,0.631578947368,0.5,0.166666666667,0.222222222222
Thomas_Muster,0.0,0.0,0.0,0.0,0.0,0.0,0.0,0.0,0.0,0.0,0.0,0.0,0.0,0.0,0.0,0.0
Thomaz_Bellucci,0.458791208791,0.54347826087,0.452830188679,0.567375886525,0.551401869159,0.515151515152,0.470588235294,0.472727272727,0.522471910112,0.565217391304,0.606299212598,0.421052631579,0.469565217391,0.557894736842,0.46511627907,0.551724137931
Ti_Chen,0.578947368421,0.304347826087,0.722222222222,0.538461538462,0.333333333333,0.5625,0.5,0.333333333333,0.583333333333,0.5,0.466666666667,0.142857142857,0.666666666667,0.454545454545,0.333333333333,0.875
Tim_Henman,0.459259259259,0.373493975904,0.451612903226,0.452830188679,0.485714285714,0.5,0.439024390244,0.630434782609,0.428571428571,0.75,0.632653061224,0.411764705882,0.489361702128,0.428571428571,0.5,0.5625
Tim_Puetz,0.0,0.0,0.0,0.0,0.0,0.0,0.0,0.0,0.0,0.0,0.0,0.0,0.0,0.0,0.0,0.0
Tim_Smyczek,0.514705882353,0.540322580645,0.510869565217,0.456790123457,0.354166666667,0.571428571429,0.530303030303,0.6,0.478723404255,0.111111111111,0.539473684211,0.37037037037,0.4875,0.605263157895,0.368421052632,0.515151515152
Tobias_Kamke,0.0,0.0,0.0,0.0,0.0,0.0,0.0,0.0,0.0,0.0,0.0,0.0,0.0,0.0,0.0,0.0
Todd_Martin,0.493827160494,0.489795918367,0.455882352941,0.522388059701,0.441860465116,0.56338028169,0.458333333333,0.480769230769,0.461538461538,0.3,0.534482758621,0.47619047619,0.553571428571,0.375,0.333333333333,0.296296296296
Todd_Woodbridge,0.5625,0.615384615385,0.285714285714,0.375,0.833333333333,0.333333333333,0.2,0.142857142857,0.333333333333,0.0,0.666666666667,0.0,0.142857142857,0.0,1.0,0.666666666667
Tomas_Berdych,0.482619240097,0.482580645161,0.502732240437,0.46942800789,0.49299719888,0.532544378698,0.521489971347,0.513368983957,0.476923076923,0.509803921569,0.492063492063,0.5125,0.488172043011,0.511627906977,0.470588235294,0.442477876106
Tommy_Haas,0.486607142857,0.493055555556,0.466666666667,0.47572815534,0.477611940299,0.379310344828,0.415384615385,0.589285714286,0.480769230769,0.5,0.461538461538,0.310344827586,0.530120481928,0.379310344828,0.48275862069,0.470588235294
Tommy_Paul,0.506849315068,0.521739130435,0.368421052632,0.56,0.444444444444,0.545454545455,0.380952380952,0.5,0.421052631579,0.4,0.481481481481,0.6,0.541666666667,0.352941176471,0.583333333333,0.388888888889
Tommy_Robredo,0.486842105263,0.472826086957,0.492753623188,0.423728813559,0.38961038961,0.451612903226,0.47311827957,0.461538461538,0.550724637681,0.375,0.504347826087,0.46511627907,0.523364485981,0.536585365854,0.432432432432,0.541666666667
Tristan_Lamasine,0.0,0.0,0.0,0.0,0.0,0.0,0.0,0.0,0.0,0.0,0.0,0.0,0.0,0.0,0.0,0.0
Tsung_Hua_Yang,0.0,0.0,0.0,0.0,0.0,0.0,0.0,0.0,0.0,0.0,0.0,0.0,0.0,0.0,0.0,0.0
Ty_Trombetta,0.0,0.0,0.0,0.0,0.0,0.0,0.0,0.0,0.0,0.0,0.0,0.0,0.0,0.0,0.0,0.0
Uladzimir_Ignatik,0.0,0.0,0.0,0.0,0.0,0.0,0.0,0.0,0.0,0.0,0.0,0.0,0.0,0.0,0.0,0.0
Vaclav_Safranek,0.368421052632,0.571428571429,0.272727272727,0.666666666667,0.5,0.454545454545,0.333333333333,0.444444444444,0.75,0.5,0.272727272727,0.5,0.555555555556,0.333333333333,0.333333333333,1.0
Vasek_Pospisil,0.541795665635,0.558685446009,0.434108527132,0.565517241379,0.480392156863,0.440298507463,0.532467532468,0.479166666667,0.422680412371,0.615384615385,0.461538461538,0.511627906977,0.472,0.573529411765,0.516129032258,0.604166666667
Victor_Estrella,0.538812785388,0.56462585034,0.472527472527,0.5,0.428571428571,0.440476190476,0.582089552239,0.56338028169,0.396825396825,0.5,0.444444444444,0.705882352941,0.571428571429,0.4,0.5,0.4
Victor_Hanescu,0.125,0.5,0.6,0.142857142857,0.666666666667,0.4,0.666666666667,0.5,0.0,1.0,0.333333333333,0.25,0.428571428571,0.5,0.333333333333,0.0
Victor_Pecci,0.0,0.0,0.0,0.0,0.0,0.0,0.0,0.0,0.0,0.0,0.0,0.0,0.0,0.0,0.0,0.0
Viktor_Troicki,0.482857142857,0.495454545455,0.433962264151,0.489051094891,0.538461538462,0.441558441558,0.377551020408,0.586538461538,0.413533834586,0.5,0.451612903226,0.5625,0.46875,0.506493506494,0.489361702128,0.51724137931
Vincent_Millot,0.5,0.318181818182,0.619047619048,0.5,0.25,0.733333333333,0.428571428571,0.3,0.51724137931,0.0,0.266666666667,0.5,0.555555555556,0.25,0.666666666667,0.333333333333
Vitas_Gerulaitis,0.433962264151,0.428571428571,0.392156862745,0.409090909091,0.5,0.574468085106,0.444444444444,0.447368421053,0.4,1.0,0.583333333333,0.454545454545,0.414634146341,0.535714285714,0.5,0.5
Vladimir_Ivanov,0.619047619048,0.58064516129,0.64,0.666666666667,0.647058823529,0.391304347826,0.545454545455,0.47619047619,0.478260869565,0.666666666667,0.625,0.5,0.541666666667,0.647058823529,0.416666666667,0.666666666667
Wayne_Ferreira,0.0,0.0,0.0,0.0,0.0,0.0,0.0,0.0,0.0,0.0,0.0,0.0,0.0,0.0,0.0,0.0
Wayne_Odesnik,0.470588235294,0.285714285714,0.3,0.4,0.0,0.666666666667,0.4,0.333333333333,0.5,0.0,0.666666666667,0.5,0.428571428571,0.333333333333,0.0,1.0
Xavier_Malisse,0.0,0.0,0.0,0.0,0.0,0.0,0.0,0.0,0.0,0.0,0.0,0.0,0.0,0.0,0.0,0.0
Yan_Bai,0.56,0.266666666667,0.636363636364,0.111111111111,0.142857142857,0.666666666667,0.666666666667,0.5,0.428571428571,1.0,0.444444444444,0.75,0.5,0.6,0.333333333333,0.0
Yannick_Hanfmann,0.391891891892,0.488372093023,0.486486486486,0.4,0.533333333333,0.344827586207,0.53125,0.448275862069,0.548387096774,0.5,0.466666666667,0.545454545455,0.272727272727,0.52,0.6,0.666666666667
Yannick_Maden,0.428571428571,0.428571428571,0.666666666667,0.333333333333,0.0,0.666666666667,0.666666666667,0.8,0.714285714286,1.0,0.714285714286,0.6,0.5,0.833333333333,0.0,0.666666666667
Yannick_Mertens,0.5,0.447368421053,0.684210526316,0.461538461538,0.416666666667,0.384615384615,0.705882352941,0.555555555556,0.7,0.4,0.4375,0.666666666667,0.421052631579,0.363636363636,0.375,0.538461538462
Yannick_Noah,0.0,0.0,0.0,0.0,0.0,0.0,0.0,0.0,0.0,0.0,0.0,0.0,0.0,0.0,0.0,0.0
Yannik_Reuter,0.434782608696,0.4,0.461538461538,0.5,0.0,0.6,0.545454545455,0.375,0.461538461538,1.0,0.333333333333,0.4,0.25,0.777777777778,0.333333333333,0.444444444444
Yaraslau_Shyla,0.375,0.333333333333,0.4,0.6,0.333333333333,0.125,0.4,0.8,0.166666666667,0.0,0.5,1.0,0.333333333333,0.8,0.0,0.25
Yasutaka_Uchiyama,0.45,0.454545454545,0.6,0.571428571429,0.666666666667,0.571428571429,0.0,0.0,0.333333333333,0.0,0.666666666667,0.666666666667,0.7,0.666666666667,0.25,0.0
Yen_Hsun_Lu,0.512,0.478260869565,0.346153846154,0.511111111111,0.558823529412,0.54,0.484848484848,0.366666666667,0.543859649123,0.571428571429,0.365384615385,0.583333333333,0.404761904762,0.566666666667,0.555555555556,0.575757575758
Yevgeny_Kafelnikov,0.475524475524,0.485549132948,0.455223880597,0.398148148148,0.5,0.431818181818,0.465909090909,0.488888888889,0.456310679612,0.5,0.476635514019,0.473684210526,0.495238095238,0.414285714286,0.527777777778,0.508771929825
Yoshihito_Nishioka,0.5,0.4375,0.46875,0.47619047619,0.481481481481,0.54,0.513513513514,0.536585365854,0.432835820896,0.7,0.590909090909,0.5,0.545454545455,0.540540540541,0.55,0.607142857143
Younes_El_Aynaoui,0.409090909091,0.6875,0.5,0.5,0.571428571429,0.3,0.375,0.285714285714,0.75,0.0,0.666666666667,0.5,0.125,0.2,1.0,0.25
Yuichi_Ito,0.0,0.0,0.0,0.0,0.0,0.0,0.0,0.0,0.0,0.0,0.0,0.0,0.0,0.0,0.0,0.0
Yuichi_Sugita,0.478448275862,0.466666666667,0.489795918367,0.423913043478,0.440677966102,0.395833333333,0.552631578947,0.545454545455,0.505154639175,0.636363636364,0.494505494505,0.472222222222,0.471428571429,0.466666666667,0.545454545455,0.446808510638
Yuki_Bhambri,0.71875,0.619047619048,0.666666666667,0.714285714286,0.5,0.615384615385,0.777777777778,0.833333333333,0.666666666667,1.0,0.5,0.6,0.666666666667,0.5,0.5,0.666666666667
Yusuke_Takahashi,0.380952380952,0.642857142857,0.666666666667,0.555555555556,0.571428571429,0.5,0.6,0.285714285714,0.666666666667,0.0,0.857142857143,0.333333333333,0.333333333333,0.625,0.25,0.75
Zdenek_Kolar,0.464285714286,0.846153846154,0.375,0.75,1.0,0.333333333333,0.5,0.625,0.388888888889,0.0,0.285714285714,0.428571428571,0.333333333333,0.444444444444,0.5,0.375
Ze_Zhang,0.0,0.0,0.0,0.0,0.0,0.0,0.0,0.0,0.0,0.0,0.0,0.0,0.0,0.0,0.0,0.0
