Player_name,F,QF,R128,R16,R32,R64,SF
Adam Chadaj,0.0,0.0,0.0,0.0,1.0,0.0,0.0
Adam Pavlasek,0.0,0.0,1.0,0.5,0.25,0.0,0.0
Adrian Cruciat,0.0,0.0,0.0,0.0,0.5,0.0,0.0
Adrian Garcia,0.0,0.0,0.166666666667,0.0,0.333333333333,0.0,0.0
Adrian Mannarino,0.0,0.346153846154,0.41935483871,0.560975609756,0.514018691589,0.396551724138,0.444444444444
Adrian Menendez Maceiras,0.0,0.0,0.0,0.25,0.25,0.0,0.0
Adrian Ungur,0.0,0.0,0.0,0.142857142857,0.277777777778,0.0,1.0
Adrian Voinea,0.0,0.0,0.0,0.692307692308,0.425,0.625,0.0
Agustin Calleri,0.3,0.54347826087,0.657142857143,0.394736842105,0.546875,0.519230769231,0.36
Aisam Ul Haq Qureshi,0.0,0.0,0.6,0.5,0.5,0.0,0.0
Akira Santillan,0.0,0.0,0.0,0.0,0.285714285714,0.0,0.0
Albano Olivetti,0.0,0.0,0.666666666667,0.0,0.5,0.0,0.0
Albert Costa,0.333333333333,0.588235294118,0.548387096774,0.6875,0.413333333333,0.702127659574,0.6
Albert Montanes,0.6,0.490566037736,0.481481481481,0.384615384615,0.480582524272,0.438202247191,0.384615384615
Albert Portas,0.0,0.25,0.181818181818,0.3125,0.314285714286,0.344827586207,0.0
Albert Ramos,0.166666666667,0.323529411765,0.465753424658,0.558823529412,0.455284552846,0.566666666667,0.545454545455
Alberto Martin,0.0,0.233333333333,0.526315789474,0.447368421053,0.428571428571,0.546875,0.285714285714
Alejandro Falla,0.0,0.272727272727,0.289473684211,0.511111111111,0.41935483871,0.290322580645,0.666666666667
Alejandro Gomez GB42,0.0,0.0,0.0,0.0,1.0,0.0,0.0
Alejandro Gonzalez,0.0,0.0,0.5,0.555555555556,0.2,0.0909090909091,1.0
Aleksandr Nedovyesov,0.0,0.0,0.0,0.285714285714,0.0833333333333,0.25,0.0
Alessandro Giannessi,0.0,0.5,0.333333333333,0.5,0.428571428571,0.0,0.0
Alessio Di Mauro,0.0,0.5,0.142857142857,0.333333333333,0.363636363636,0.222222222222,1.0
Alex Bogdanovic,0.0,0.0,0.142857142857,0.0,0.466666666667,0.25,0.0
Alex Bogomolov Jr,0.0,0.2,0.333333333333,0.275862068966,0.461538461538,0.529411764706,0.0
Alex Calatrava,0.0,0.0,0.214285714286,0.545454545455,0.4,0.1,0.0
Alex Corretja,1.0,0.571428571429,0.424242424242,0.5,0.55,0.678571428571,0.5
Alex De Minaur,0.0,1.0,0.666666666667,0.25,0.75,0.0,0.5
Alex Kim,0.0,0.0,0.0,0.285714285714,0.136363636364,0.5,0.0
Alex Kuznetsov,0.0,0.0,0.2,0.0833333333333,0.3125,0.4,0.0
Alexander Bublik,0.0,0.0,1.0,0.5,0.666666666667,0.0,0.0
Alexander Kudryavtsev,0.0,0.0,0.0,0.25,0.3,0.5,0.0
Alexander Peya,0.0,0.75,0.4,0.25,0.30303030303,0.375,0.0
Alexander Popp,0.0,0.142857142857,0.5,0.357142857143,0.388888888889,0.6,1.0
Alexander Sadecky,0.0,0.0,0.0,0.0,0.5,0.0,0.0
Alexander Sarkissian,0.0,0.0,0.0,0.0,1.0,0.0,0.0
Alexander Waske,0.0,0.0,0.235294117647,0.214285714286,0.425,0.333333333333,0.0
Alexander Zverev,0.666666666667,0.708333333333,0.648648648649,0.785714285714,0.581818181818,0.666666666667,0.529411764706
Alexandr Dolgopolov,0.333333333333,0.454545454545,0.5,0.676470588235,0.532846715328,0.530864197531,0.45
Alexandre Sidorenko,0.0,0.0,0.333333333333,0.0,0.428571428571,0.0,0.0
Alexandre Simoni,0.0,0.0,0.0,0.5,0.0,0.25,0.0
Aljaz Bedene,0.0,0.363636363636,0.323529411765,0.32,0.539682539683,0.52380952381,0.4
Alun Jones,0.0,0.0,0.0,0.25,0.333333333333,0.0,0.0
Amer Delic,0.0,0.0,0.2,0.571428571429,0.333333333333,0.2,0.0
Amine Ahouda,0.0,0.0,0.0,0.0,0.5,0.0,0.0
Amir Hadad,0.0,0.0,0.0,1.0,1.0,0.0,0.0
Amir Weintraub,0.0,0.0,0.0,1.0,0.0,0.0,0.0
Andre Agassi,0.666666666667,0.705882352941,0.910714285714,0.888888888889,0.875,0.805555555556,0.583333333333
Andre Ghem,0.0,0.0,0.0,0.0,0.333333333333,0.0,0.0
Andre Sa,0.0,0.0,0.32,0.357142857143,0.581395348837,0.3125,0.0
Andrea Arnaboldi,0.0,0.0,1.0,0.5,0.25,0.0,0.0
Andrea Gaudenzi,0.0,0.0,0.142857142857,0.545454545455,0.170731707317,0.47619047619,0.0
Andrea Stoppini,0.0,0.0,0.0,0.0,0.5,0.25,0.0
Andreas Beck,0.0,0.142857142857,0.4375,0.470588235294,0.457142857143,0.208333333333,0.5
Andreas Haider Maurer,0.0,0.285714285714,0.333333333333,0.35,0.477272727273,0.153846153846,0.5
Andreas Seppi,0.375,0.433333333333,0.491803278689,0.614285714286,0.458515283843,0.522727272727,0.307692307692
Andreas Vinciguerra,0.0,0.25,0.5,0.5,0.25,0.2,0.0
Andrei Pavel,0.0,0.413793103448,0.460317460317,0.5625,0.592592592593,0.542372881356,0.333333333333
Andrei Stoliarov,0.0,0.0,0.142857142857,0.333333333333,0.538461538462,0.0,0.0
Andrej Martin,0.0,1.0,0.4,0.5,0.555555555556,1.0,0.5
Andrew Whittington,0.0,0.0,0.0,0.5,1.0,0.0,0.0
Andrey Golubev,0.333333333333,0.75,0.153846153846,0.25,0.416666666667,0.235294117647,1.0
Andrey Kuznetsov,0.0,0.214285714286,0.5,0.52,0.385714285714,0.5,0.0
Andrey Rublev,0.5,0.333333333333,0.461538461538,0.666666666667,0.461538461538,0.454545454545,1.0
Andy Murray,0.671641791045,0.712121212121,0.771929824561,0.916666666667,0.859375,0.820224719101,0.683673469388
Andy Ram,0.0,0.0,0.0,0.0,0.0,0.5,0.0
Andy Roddick,0.591836734694,0.6953125,0.825806451613,0.847826086957,0.852272727273,0.78021978022,0.538461538462
Ante Pavic,0.0,0.0,0.0,0.5,0.25,0.0,0.0
Antonio Veic,0.0,0.0,0.2,1.0,0.25,0.333333333333,0.0
Antony Dupuis,1.0,0.333333333333,0.483870967742,0.25,0.516666666667,0.275862068966,0.2
Arnau Brugues Davi,0.0,0.0,0.0,0.0,1.0,0.0,0.0
Arnaud Clement,0.333333333333,0.382352941176,0.507462686567,0.636363636364,0.446666666667,0.458333333333,0.461538461538
Arnaud Di Pasquale,0.0,0.0,0.444444444444,0.4,0.473684210526,1.0,0.0
Arthur De Greef,0.0,0.0,0.0,0.0,0.75,0.0,0.0
Arvind Parmar,0.0,0.0,0.6,0.0,0.625,0.0,0.0
Aslan Karatsev,0.0,0.0,0.0,0.0,0.166666666667,0.0,0.0
Attila Balazs,0.0,1.0,0.333333333333,0.0,0.75,0.0,0.0
Attila Savolt,0.0,0.333333333333,0.5,0.25,0.285714285714,0.692307692308,0.0
Augustin Gensse,0.0,0.0,0.0,0.0,1.0,0.0,0.0
Austin Krajicek,0.0,0.0,0.285714285714,0.6,0.388888888889,0.0,0.0
Axel Michon,0.0,0.0,0.0,1.0,0.0,0.0,0.0
Axel Pretzsch,0.0,0.0,0.0,0.0,0.4,0.0,0.0
Barry Cowan,0.0,0.0,0.0,1.0,0.0,0.0,0.0
Bastian Knittel,0.0,0.0,0.0,0.0,0.0,1.0,0.0
Bastian Trinker,0.0,0.0,0.0,0.0,0.5,0.0,0.0
Ben Qiang Zhu,0.0,0.0,0.0,0.0,0.333333333333,0.0,0.0
Benjamin Balleret,0.0,0.0,0.0,0.0,0.666666666667,0.166666666667,0.0
Benjamin Becker,0.333333333333,0.464285714286,0.421875,0.377358490566,0.431506849315,0.40350877193,0.230769230769
Benjamin Bonzi,0.0,0.0,0.0,1.0,0.0,0.0,0.0
Benoit Paire,0.2,0.655172413793,0.467741935484,0.617647058824,0.416666666667,0.546875,0.263157894737
Bernard Tomic,0.6,0.322580645161,0.543859649123,0.625,0.463917525773,0.478260869565,0.5
Bernardo Mota,0.0,0.0,0.0,0.0,1.0,0.0,0.0
Bjorn Fratangelo,0.0,1.0,0.166666666667,0.363636363636,0.6,0.285714285714,0.0
Bjorn Phau,0.0,0.333333333333,0.416666666667,0.3,0.4,0.34375,0.0
Bjorn Rehnquist,0.0,0.0,0.333333333333,0.0,0.428571428571,0.0,0.0
Blaz Kavcic,0.0,0.0,0.210526315789,0.434782608696,0.372549019608,0.35,0.0
Blaz Rola,0.0,0.0,0.25,0.4,0.444444444444,0.333333333333,0.0
Bob Bryan,0.0,1.0,1.0,0.0,0.1,1.0,0.0
Bobby Reynolds,0.0,0.0,0.4,0.346153846154,0.25641025641,0.238095238095,0.0
Bohdan Ulihrach,0.0,0.416666666667,0.461538461538,0.25,0.472727272727,0.321428571429,0.0
Boris Pashanski,0.0,0.0,0.176470588235,0.1,0.515151515152,0.428571428571,0.0
Borna Coric,0.333333333333,0.4,0.576923076923,0.5,0.423728813559,0.538461538462,0.5
Bradley Klahn,0.0,0.0,0.0,0.222222222222,0.125,0.25,0.0
Brendan Evans,0.0,0.0,0.25,0.166666666667,0.571428571429,0.0,0.0
Brian Baker,0.0,1.0,0.142857142857,0.357142857143,0.318181818182,0.357142857143,1.0
Brian Dabul,0.0,0.5,0.222222222222,0.25,0.473684210526,0.333333333333,0.0
Brian Vahaly,0.0,0.0,0.0,0.0909090909091,0.428571428571,0.5,0.0
Brian Wilson,0.0,0.0,0.0,0.0,0.333333333333,0.0,0.0
Brydan Klein,0.0,0.0,0.0,0.2,0.5,0.0,0.0
Byron Black,0.0,0.0,0.0,1.0,0.0,0.0,0.0
Caio Zampieri,0.0,0.0,0.5,0.0,0.666666666667,0.0,0.0
Calvin Hemery,0.0,0.0,0.0,0.0,0.25,0.0,0.0
Cameron Norrie,0.0,0.0,0.0,0.5,0.5,0.0,0.0
Carl Soderlund,0.0,0.0,0.0,0.0,1.0,0.0,0.0
Carlos Berlocq,0.666666666667,0.409090909091,0.372881355932,0.333333333333,0.464566929134,0.358974358974,0.333333333333
Carlos Cuadrado,0.0,0.0,1.0,0.0,0.5,0.333333333333,0.0
Carlos Moya,0.586206896552,0.657534246575,0.722772277228,0.733333333333,0.719424460432,0.592592592593,0.58
Carlos Taberner,0.0,0.0,0.0,0.0,1.0,0.0,0.0
Carsten Ball,0.0,1.0,0.5,0.375,0.5,0.0,1.0
Casper Ruud,0.0,1.0,0.333333333333,0.5,0.375,0.25,0.0
Cecil Mamiit,0.0,0.5,0.5,0.222222222222,0.242424242424,0.5,0.0
Cedric Pioline,0.0,0.333333333333,0.75,0.0,0.363636363636,0.5,0.0
Cedrik Marcel Stebe,1.0,0.0,0.3,0.4,0.47619047619,0.2,1.0
Chris Eaton,0.0,0.0,0.0,1.0,0.0,0.0,0.0
Chris Guccione,0.0,0.666666666667,0.133333333333,0.294117647059,0.421052631579,0.4375,1.0
Christian Garin,0.0,0.0,0.0,0.0,0.25,0.0,0.0
Christian Harrison,0.0,0.0,0.0,0.0,0.5,0.0,0.0
Christian Lindell,0.0,0.0,0.0,0.0,0.285714285714,0.0,0.0
Christophe Rochus,0.0,0.352941176471,0.377777777778,0.225,0.384615384615,0.275,0.166666666667
Christopher Eubanks,0.0,0.0,1.0,0.0,0.333333333333,0.0,0.0
Chuhan Wang,0.0,0.0,0.0,0.0,0.0,1.0,0.0
Clement Reix,0.0,0.0,0.0,0.0,1.0,0.0,0.0
Corentin Moutet,0.0,0.0,1.0,0.0,1.0,0.0,0.0
Cyril Saulnier,0.0,0.307692307692,0.393939393939,0.363636363636,0.66,0.266666666667,0.25
Damir Dzumhur,0.666666666667,0.545454545455,0.407407407407,0.55,0.619047619048,0.4,0.5
Danai Udomchoke,0.0,0.0,0.166666666667,0.272727272727,0.205882352941,0.384615384615,0.0
Daniel Altmaier,0.0,0.0,1.0,0.0,0.333333333333,0.0,0.0
Daniel Brands,0.0,0.333333333333,0.4,0.260869565217,0.46875,0.333333333333,0.0
Daniel Elahi Galan Riveros,0.0,0.0,0.0,0.0,1.0,0.0,0.0
Daniel Elsner,0.0,0.0,0.0,0.5,0.125,0.333333333333,0.0
Daniel Evans,0.0,1.0,0.25,0.454545454545,0.380952380952,0.666666666667,0.5
Daniel Gimeno Traver,0.0,0.4,0.31914893617,0.324324324324,0.4,0.357142857143,0.166666666667
Daniel Koellerer,0.0,0.0,0.333333333333,0.5,0.375,0.333333333333,0.0
Daniel Kosakowski,0.0,0.0,0.0,0.0,1.0,0.0,0.0
Daniel Munoz De La Nava,0.0,0.0,0.333333333333,0.0,0.315789473684,0.5,1.0
Daniele Bracciali,1.0,0.166666666667,0.4,0.466666666667,0.41935483871,0.266666666667,1.0
Daniil Medvedev,0.5,0.3,0.714285714286,0.333333333333,0.666666666667,0.142857142857,0.666666666667
Darian King,0.0,0.0,0.0,0.666666666667,1.0,0.0,0.0
David Ferrer,0.518518518519,0.62893081761,0.700440528634,0.859375,0.688811188811,0.717557251908,0.529411764706
David Goffin,0.363636363636,0.486486486486,0.513888888889,0.62962962963,0.61797752809,0.769230769231,0.578947368421
David Guez,0.0,0.0,0.0,0.0,0.0833333333333,1.0,0.0
David Marrero,0.0,0.0,0.0,1.0,0.5,0.0,0.0
David Nalbandian,0.52,0.520547945205,0.688679245283,0.829787234043,0.654088050314,0.714285714286,0.625
David Prinosil,0.0,0.0,0.0,0.0,0.285714285714,1.0,0.0
David Sanchez,1.0,0.333333333333,0.583333333333,0.363636363636,0.486486486486,0.333333333333,0.285714285714
David Sherwood,0.0,0.0,0.0,1.0,0.0,0.0,0.0
Davide Sanguinetti,0.8,0.631578947368,0.486486486486,0.4375,0.481012658228,0.212765957447,0.416666666667
Denis Gremelmayr,0.0,0.6,0.3125,0.181818181818,0.363636363636,0.6,0.0
Denis Istomin,0.5,0.333333333333,0.44,0.547169811321,0.5,0.397435897436,0.363636363636
Denis Kudla,0.0,0.333333333333,0.214285714286,0.45,0.4375,0.181818181818,0.0
Denis Matsukevitch,0.0,0.0,0.0,0.0,0.333333333333,0.0,0.0
Denis Shapovalov,0.0,1.0,0.2,0.666666666667,0.555555555556,0.428571428571,0.0
Dennis Novak,0.0,0.0,0.0,0.0,0.4,0.0,0.0
Dennis Novikov,0.0,0.0,1.0,0.5,0.142857142857,0.333333333333,0.0
Dennis Van Scheppingen,0.0,0.333333333333,0.3,0.0,0.416666666667,1.0,0.0
Di Wu,0.0,0.0,0.0,0.0,0.1,0.285714285714,0.0
Dick Norman,0.0,1.0,0.2,0.454545454545,0.2,0.2,0.0
Didac Perez,0.0,0.0,0.0,0.0,0.0,0.5,0.0
Diego Hartfield,0.0,0.333333333333,0.222222222222,0.2,0.454545454545,0.666666666667,0.0
Diego Junqueira,0.0,0.0,0.125,0.571428571429,0.318181818182,0.125,0.0
Diego Sebastian Schwartzman,0.333333333333,0.4,0.5,0.428571428571,0.54,0.478260869565,0.5
Diego Veronelli,0.0,0.0,1.0,0.0,0.5,0.0,0.0
Dieter Kindlmann,0.0,0.0,0.0,0.166666666667,0.0,0.0,0.0
Dimitar Kutrovsky,0.0,0.0,1.0,0.0,1.0,0.0,0.0
Diogo Rocha,0.0,0.0,0.0,0.0,0.5,0.0,0.0
Dmitry Tursunov,0.777777777778,0.512820512821,0.4875,0.491228070175,0.538461538462,0.454545454545,0.45
Dominic Thiem,0.615384615385,0.611111111111,0.537313432836,0.857142857143,0.653846153846,0.609756097561,0.590909090909
Dominik Hrbaty,0.6,0.466666666667,0.441176470588,0.485714285714,0.492753623188,0.630136986301,0.357142857143
Dominik Meffert,1.0,0.5,0.4,0.0,0.625,0.0,1.0
Donald Young,0.0,0.470588235294,0.34,0.403846153846,0.448598130841,0.426229508197,0.25
Dudi Sela,0.0,0.3,0.416666666667,0.48,0.443396226415,0.355555555556,0.428571428571
Dusan Lajovic,0.0,0.214285714286,0.424242424242,0.434782608696,0.485294117647,0.333333333333,0.0
Dusan Vemic,0.0,0.0,0.166666666667,0.0,0.666666666667,0.666666666667,0.0
Dustin Brown,0.0,0.166666666667,0.352941176471,0.291666666667,0.492753623188,0.384615384615,0.0
Edgardo Massa,0.0,0.0,0.25,0.0,0.222222222222,1.0,0.0
Edouard Roger Vasselin,0.0,0.307692307692,0.351351351351,0.5,0.439024390244,0.341463414634,0.5
Eduardo Schwank,0.0,0.125,0.470588235294,0.357142857143,0.414634146341,0.352941176471,0.0
Elias Ymer,0.0,0.0,0.2,0.0,0.3125,0.5,0.0
Emilio Gomez,0.0,0.0,0.0,0.0,0.5,0.0,0.0
Eric Prodon,0.0,0.0,0.0,0.0,0.0833333333333,0.0,0.0
Eric Taino,0.0,0.0,0.0,0.0,0.285714285714,1.0,0.0
Ernesto Escobedo,0.0,1.0,0.25,0.5,0.333333333333,0.25,0.0
Ernests Gulbis,1.0,0.435897435897,0.469879518072,0.530612244898,0.560606060606,0.423529411765,0.352941176471
Ervin Eleskovic,0.0,0.0,0.0,0.0,0.25,0.0,0.0
Evan King,0.0,0.0,0.0,0.0,0.5,0.0,0.0
Evgeny Donskoy,0.0,0.333333333333,0.2,0.421052631579,0.263157894737,0.368421052632,0.0
Evgeny Korolev,0.0,0.222222222222,0.53125,0.409090909091,0.586206896552,0.24,0.25
Fabio Fognini,0.357142857143,0.566037735849,0.48623853211,0.571428571429,0.511904761905,0.524752475248,0.466666666667
Fabrice Santoro,1.0,0.41935483871,0.476923076923,0.622222222222,0.547008547009,0.397435897436,0.307692307692
Facundo Arguello,0.0,0.0,0.0,0.0,0.0833333333333,0.0,0.0
Facundo Bagnis,0.0,0.0,0.222222222222,0.3,0.375,0.0,0.0
Federico Browne,0.0,0.0,0.333333333333,0.5,0.428571428571,0.5,0.0
Federico Delbonis,0.5,0.454545454545,0.55,0.416666666667,0.545454545455,0.259259259259,0.4
Federico Gaio,0.0,0.0,1.0,0.0,0.333333333333,0.0,0.0
Federico Luzzi,0.0,0.0,0.0,0.166666666667,0.428571428571,0.0,0.0
Feliciano Lopez,0.352941176471,0.452380952381,0.494047619048,0.692307692308,0.527472527473,0.579487179487,0.447368421053
Felix Mantilla,0.2,0.368421052632,0.463414634146,0.3125,0.532467532468,0.717948717949,0.714285714286
Fernando Gonzalez,0.541666666667,0.585714285714,0.654205607477,0.772727272727,0.64375,0.752577319588,0.560975609756
Fernando Meligeni,0.0,0.666666666667,0.315789473684,0.545454545455,0.542857142857,0.25,0.5
Fernando Verdasco,0.318181818182,0.473684210526,0.525139664804,0.8125,0.592452830189,0.61875,0.488888888889
Fernando Vicente,0.0,0.222222222222,0.36,0.545454545455,0.324675324675,0.447368421053,1.0
Filip Krajinovic,0.0,1.0,0.25,0.2,0.444444444444,0.428571428571,0.5
Filip Peliwo,0.0,0.0,0.0,0.0,0.5,0.333333333333,0.0
Filip Prpic,0.0,0.0,0.0,0.0,0.181818181818,0.0,0.0
Filippo Volandri,0.3,0.611111111111,0.529411764706,0.162790697674,0.447368421053,0.442307692308,0.434782608696
Flavio Cipolla,0.0,0.25,0.222222222222,0.4,0.409090909091,0.315789473684,0.0
Flavio Saretta,0.0,0.4,0.37037037037,0.434782608696,0.509090909091,0.5,0.0
Florent Serra,0.666666666667,0.368421052632,0.404255319149,0.568181818182,0.408695652174,0.345454545455,0.428571428571
Florian Mayer,0.333333333333,0.333333333333,0.540229885057,0.526315789474,0.487804878049,0.493827160494,0.4375
Florin Mergea,0.0,0.0,0.0,0.0,0.5,1.0,0.0
Francesco Aldi,0.0,0.0,0.0,0.0,0.125,0.0,0.0
Francis Tiafoe,0.0,0.0,0.0,0.363636363636,0.125,0.272727272727,0.0
Francisco Clavet,0.0,0.0,0.75,0.363636363636,0.307692307692,0.222222222222,0.0
Francisco Fogues,0.0,0.0,0.0,0.0,0.0,1.0,0.0
Franco Ferreiro,0.0,0.0,1.0,0.0,0.5,0.0,0.0
Franco Skugor,0.0,0.0,0.25,0.0,0.307692307692,0.0,0.0
Franco Squillari,0.0,0.222222222222,0.346153846154,0.307692307692,0.52,0.5,1.0
Frank Dancevic,0.0,0.571428571429,0.35,0.333333333333,0.42,0.351351351351,0.5
Frantisek Cermak,0.0,0.0,0.25,0.0,0.363636363636,1.0,0.0
Fred Hemmes,0.0,0.0,0.0,0.0,0.5,0.0,0.0
Frederic Niemeyer,0.0,0.0,0.0,0.5,0.142857142857,0.2,0.0
Frederico Ferreira Silva,0.0,0.0,0.0,0.0,0.333333333333,0.0,0.0
Frederico Gil,0.0,0.375,0.347826086957,0.315789473684,0.511111111111,0.5,0.333333333333
Fritz Wolmarans,0.0,0.0,0.0,0.0,0.5,0.0,0.0
Gabriel Trujillo Soler,0.0,0.0,0.0,0.0,0.0,1.0,0.0
Gael Monfils,0.259259259259,0.604395604396,0.679104477612,0.82,0.64,0.682242990654,0.490909090909
Galo Blanco,0.0,0.0,0.411764705882,0.25,0.395348837209,0.315789473684,0.0
Gastao Elias,0.0,0.285714285714,0.636363636364,0.0,0.379310344828,0.666666666667,0.0
Gaston Etlis,0.0,0.0,1.0,1.0,0.25,0.4,0.0
Gaston Gaudio,0.555555555556,0.642857142857,0.646153846154,0.821428571429,0.607476635514,0.614285714286,0.607142857143
George Bastl,0.0,0.0,0.1,0.5,0.285714285714,0.333333333333,0.0
Gerald Melzer,0.0,0.4,0.555555555556,0.0,0.380952380952,0.0,0.0
Gianluca Naso,0.0,0.0,0.0,0.0,0.333333333333,0.0,0.0
Gianluigi Quinzi,0.0,0.0,0.0,0.0,1.0,0.0,0.0
Gianni Mina,0.0,0.0,0.0,0.0,0.333333333333,0.0,0.0
Gilles Elseneer,0.0,0.0,0.0,0.666666666667,0.461538461538,0.2,0.0
Gilles Muller,0.25,0.45652173913,0.597402597403,0.490196078431,0.543307086614,0.482142857143,0.380952380952
Gilles Simon,0.684210526316,0.517647058824,0.518292682927,0.78431372549,0.573913043478,0.72131147541,0.422222222222
Giorgio Galimberti,0.0,0.0,0.0,0.4,0.111111111111,0.6,0.0
Giovanni Lapentti,0.0,0.0,0.2,0.0,0.333333333333,1.0,0.0
Gleb Sakharov,0.0,0.0,0.0,0.0,1.0,0.0,0.0
Glenn Weiner,0.0,0.0,0.25,0.4,0.5,0.0,0.0
Go Soeda,0.0,0.4,0.333333333333,0.2,0.348837209302,0.111111111111,0.0
Goran Ivanisevic,0.0,0.0,0.4,1.0,0.294117647059,0.1,0.0
Gorka Fraile,0.0,0.0,0.0,0.0,0.333333333333,0.0,0.0
Gouichi Motomura,0.0,0.0,0.0,0.0,0.166666666667,0.5,0.0
Greg Jones,0.0,0.0,0.0,0.0,0.2,0.0,0.0
Greg Rusedski,0.875,0.652173913043,0.547619047619,0.576923076923,0.646153846154,0.511111111111,0.533333333333
Grega Zemlja,0.0,0.5,0.166666666667,0.583333333333,0.521739130435,0.384615384615,1.0
Gregory Carraz,0.0,0.75,0.333333333333,0.6,0.342857142857,0.4,0.0
Grigor Dimitrov,0.571428571429,0.596153846154,0.590909090909,0.69696969697,0.587301587302,0.732394366197,0.4375
Guido Andreozzi,0.0,0.0,0.0,0.0,0.666666666667,0.0,0.0
Guido Pella,0.333333333333,0.625,0.533333333333,0.428571428571,0.428571428571,0.263157894737,0.428571428571
Guillaume Rufin,0.0,0.0,0.75,0.615384615385,0.333333333333,0.0833333333333,0.0
Guillermo Alcaide,0.0,0.0,1.0,0.0,1.0,0.0,0.0
Guillermo Canas,0.533333333333,0.675,0.606060606061,0.740740740741,0.609090909091,0.6,0.555555555556
Guillermo Coria,0.45,0.727272727273,0.559322033898,0.8,0.655555555556,0.76,0.791666666667
Guillermo Garcia Lopez,0.555555555556,0.366666666667,0.508620689655,0.615384615385,0.452488687783,0.390476190476,0.409090909091
Guillermo Olaso,0.0,0.0,0.0,0.0,0.25,0.5,0.0
Gustavo Kuerten,0.5,0.473684210526,0.612903225806,0.526315789474,0.711111111111,0.447368421053,0.666666666667
Gustavo Marcaccio,0.0,0.0,0.0,0.0,0.666666666667,0.0,0.0
Hao Lu,0.0,0.0,0.0,0.0,1.0,0.0,0.0
Harel Levy,0.0,0.0,0.0,0.3,0.225806451613,0.272727272727,0.0
Henri Kontinen,0.0,0.0,0.0,0.0,0.5,0.0,0.0
Henri Laaksonen,0.0,0.5,0.2,0.333333333333,0.454545454545,0.5,0.0
Henrik Andersson,0.0,1.0,1.0,0.0,0.666666666667,0.0,0.0
Hermes Gamonal,0.0,0.0,0.0,0.0,0.5,0.0,0.0
Hicham Arazi,0.0,0.6,0.555555555556,0.631578947368,0.352941176471,0.411764705882,0.0
Hiroki Moriya,0.0,0.0,0.0,0.0,0.333333333333,0.0,0.0
Horacio Zeballos,0.666666666667,0.333333333333,0.285714285714,0.413793103448,0.493975903614,0.230769230769,0.5
Hugo Armando,0.0,0.0,0.5,0.0,0.222222222222,0.5,0.0
Hyeon Chung,0.0,0.285714285714,0.35,0.5,0.666666666667,0.529411764706,0.0
Hyung Taik Lee,0.0,0.2,0.487804878049,0.444444444444,0.455555555556,0.479166666667,0.0
Ian Flanagan,0.0,0.0,0.0,0.0,1.0,1.0,0.0
Igor Andreev,0.4,0.4,0.459770114943,0.625,0.527607361963,0.519480519481,0.5625
Igor Kunitsyn,0.0,0.470588235294,0.444444444444,0.314285714286,0.367346938776,0.30303030303,0.125
Igor Sijsling,0.0,0.25,0.296296296296,0.285714285714,0.446428571429,0.315789473684,0.0
Ilija Bozoljac,0.0,0.0,0.5,0.8,0.181818181818,0.142857142857,0.0
Illya Marchenko,0.0,0.375,0.32,0.363636363636,0.555555555556,0.157894736842,0.0
Ilya Ivashka,0.0,0.0,0.0,0.0,1.0,0.0,0.0
Inigo Cervantes Huegun,1.0,1.0,0.1,0.428571428571,0.454545454545,0.25,0.5
Ion Moldovan,0.0,0.0,0.0,0.0,0.333333333333,0.0,0.0
Irakli Labadze,0.0,1.0,0.0952380952381,0.391304347826,0.375,0.375,0.0
Ivan Dodig,0.5,0.363636363636,0.468085106383,0.5,0.523255813953,0.425531914894,0.25
Ivan Ljubicic,0.391304347826,0.552631578947,0.622950819672,0.604166666667,0.63687150838,0.622641509434,0.547619047619
Ivan Miranda,0.0,0.0,0.5,0.0,0.444444444444,0.666666666667,0.0
Ivan Navarro,0.0,0.6,0.263157894737,0.181818181818,0.422222222222,0.333333333333,0.0
Ivan Sergeyev,0.0,0.0,0.0,1.0,0.0,0.0,0.0
Ivo Heuberger,0.0,0.4,0.277777777778,0.230769230769,0.473684210526,0.181818181818,1.0
Ivo Karlovic,0.473684210526,0.486486486486,0.556390977444,0.514705882353,0.571428571429,0.508620689655,0.5
Ivo Klec,0.0,0.0,0.0,0.0,0.2,0.0,0.0
Ivo Minar,0.0,0.666666666667,0.214285714286,0.428571428571,0.311111111111,0.368421052632,0.5
Izak Van Der Merwe,0.0,0.5,0.5,0.0,0.666666666667,0.0,0.0
Jack Brasington,0.0,0.0,0.0,0.222222222222,0.0,0.0,0.0
Jack Sock,0.5,0.483870967742,0.632653061224,0.642857142857,0.6,0.63829787234,0.5
Jacobo Diaz,0.0,0.0,0.0,0.0,0.181818181818,0.0,0.0
James Auckland,0.0,0.0,1.0,0.0,1.0,0.0,0.0
James Blake,0.423076923077,0.507462686567,0.622641509434,0.789473684211,0.566844919786,0.628571428571,0.742857142857
James Duckworth,0.0,0.0,0.333333333333,0.411764705882,0.352941176471,0.285714285714,0.0
James Ward,0.0,0.5,0.333333333333,0.166666666667,0.25,0.25,0.0
Jamie Baker,0.0,0.0,0.0,0.0,0.166666666667,0.4,0.0
Jamie Delgado,0.0,0.0,0.0,0.166666666667,0.0,0.333333333333,0.0
Jan Frode Andersen,0.0,0.0,0.0,0.0,0.0,1.0,0.0
Jan Hajek,0.0,0.25,0.307692307692,0.210526315789,0.288888888889,0.357142857143,0.0
Jan Hernych,0.0,0.333333333333,0.333333333333,0.483870967742,0.410256410256,0.451612903226,0.25
Jan Lennard Struff,0.0,0.454545454545,0.354838709677,0.318181818182,0.492063492063,0.375,0.0
Jan Mertl,0.0,0.0,0.0,0.0,1.0,0.0,0.0
Jan Michael Gambill,0.333333333333,0.6,0.416666666667,0.52380952381,0.514285714286,0.418604651163,0.333333333333
Jan Satral,0.0,0.0,0.0,1.0,0.0,0.0,0.0
Jan Vacek,0.0,0.0,0.153846153846,0.333333333333,0.240740740741,0.473684210526,0.0
Janko Tipsarevic,0.461538461538,0.5,0.516129032258,0.589285714286,0.503311258278,0.52380952381,0.458333333333
Jared Donaldson,0.0,0.0,0.117647058824,0.363636363636,0.515151515152,0.75,0.0
Jarkko Nieminen,0.153846153846,0.484848484848,0.458333333333,0.666666666667,0.548262548263,0.481203007519,0.40625
Jaroslav Pospisil,0.0,0.0,0.0,0.0,0.2,0.0,0.0
Jason Kubler,0.0,0.0,0.0,0.0,1.0,0.0,0.0
Jaume Munar,0.0,0.0,0.0,0.0,1.0,0.0,0.0
Javier Marti,0.0,0.0,0.0,0.0,0.285714285714,0.0,0.0
Jaymon Crabb,0.0,0.0,0.0,0.333333333333,0.0,0.0,0.0
Jean Christophe Faurel,0.0,0.0,0.0,0.333333333333,0.5,0.0,0.0
Jean Claude Scherrer,0.0,0.0,0.0,0.0,0.25,0.0,0.0
Jean Francois Bachelot,0.0,0.0,0.0,0.5,1.0,0.0,0.0
Jean Rene Lisnard,0.0,0.2,0.333333333333,0.473684210526,0.384615384615,0.307692307692,0.0
Jeff Morrison,0.0,0.666666666667,0.230769230769,0.411764705882,0.361111111111,0.5,0.0
Jeff Salzenstein,0.0,0.5,0.333333333333,0.0,0.5,0.0,0.0
Jens Knippschild,0.0,0.0,0.0,1.0,0.0,0.0,0.0
Jeremy Chardy,0.5,0.25,0.459770114943,0.692307692308,0.515527950311,0.479591836735,0.2
Jerome Golmard,0.0,0.8,0.454545454545,0.4,0.458333333333,0.6,0.5
Jerome Haehnel,1.0,1.0,0.2,0.2,0.454545454545,0.0,1.0
Jerzy Janowicz,0.0,0.357142857143,0.466666666667,0.571428571429,0.481481481481,0.526315789474,0.6
Jesse Huta Galung,0.0,0.0,0.0,0.0,0.263157894737,0.0,0.0
Jesse Levine,0.0,0.0,0.363636363636,0.380952380952,0.307692307692,0.333333333333,0.0
Jesse Witten,0.0,0.0,0.0,0.25,0.0,0.333333333333,0.0
Jimmy Wang,0.0,0.0,0.333333333333,0.428571428571,0.333333333333,0.4,0.0
Jiri Novak,0.3,0.736842105263,0.584615384615,0.863636363636,0.61320754717,0.689655172414,0.357142857143
Jiri Vanek,0.0,0.1,0.37037037037,0.166666666667,0.415384615385,0.416666666667,0.0
Jiri Vesely,0.5,0.461538461538,0.361111111111,0.518518518519,0.507246376812,0.428571428571,0.333333333333
Jo Wilfried Tsonga,0.571428571429,0.569892473118,0.673913043478,0.925,0.698113207547,0.867469879518,0.518518518519
Joachim Johansson,1.0,0.4,0.48275862069,0.5,0.714285714286,0.6,0.5
Joao Domingues,0.0,0.0,0.0,0.0,1.0,0.0,0.0
Joao Sousa,0.222222222222,0.56,0.531914893617,0.555555555556,0.380952380952,0.4375,0.642857142857
Joao Souza,0.0,0.428571428571,0.466666666667,0.0,0.394736842105,0.0,0.0
Johan Settergren,0.0,0.0,0.0,0.0,0.666666666667,0.0,0.0
John Isner,0.5,0.573333333333,0.625,0.767441860465,0.555555555556,0.760416666667,0.558139534884
John Millman,0.0,0.5,0.133333333333,0.5,0.441176470588,0.615384615385,0.0
John Patrick Smith,0.0,1.0,0.333333333333,0.0,0.333333333333,0.0,0.0
John Van Lottum,0.0,0.666666666667,0.3,0.444444444444,0.434782608696,0.0,0.0
Jonas Bjorkman,0.6,0.444444444444,0.54,0.564102564103,0.54347826087,0.323076923077,0.416666666667
Jonathan Dasnieres De Veigy,0.0,0.0,0.0,0.0,0.333333333333,0.0,0.0
Jonathan Erlich,0.0,0.0,0.0,0.0,0.5,1.0,0.0
Jonathan Marray,0.0,0.0,0.0,0.0,0.6,1.0,0.0
Jordan Thompson,0.0,0.0,0.142857142857,0.230769230769,0.466666666667,0.25,0.0
Jorge Aguilar,0.0,0.0,0.0,0.0,0.25,0.0,0.0
Jose Acasuso,0.307692307692,0.595238095238,0.6,0.372093023256,0.566666666667,0.452830188679,0.52
Jose Rubin Statham,0.0,0.0,0.0,0.0,0.2,0.0,0.0
Joseph Sirianni,0.0,1.0,0.25,0.5,0.333333333333,0.666666666667,0.0
Joshua Goodall,0.0,0.0,0.0,0.0,0.5,0.0,0.0
Josselin Ouanna,0.0,0.0,0.25,0.6,0.363636363636,0.2,0.0
Jozef Kovalik,0.0,0.333333333333,0.75,0.25,0.333333333333,0.0,0.0
Juan Antonio Marin,0.0,0.0,0.0769230769231,0.0,0.433333333333,0.222222222222,0.0
Juan Balcells,0.0,0.5,0.666666666667,0.0,0.333333333333,0.0,1.0
Juan Carlos Ferrero,0.423076923077,0.611940298507,0.567796610169,0.813953488372,0.638888888889,0.68932038835,0.604651162791
Juan Giner,0.0,0.0,1.0,0.0,0.666666666667,0.0,0.0
Juan Ignacio Chela,0.5,0.461538461538,0.551724137931,0.604166666667,0.592391304348,0.533898305085,0.433333333333
Juan Martin Del Potro,0.666666666667,0.645569620253,0.702702702703,0.90243902439,0.75,0.724637681159,0.566037735849
Juan Monaco,0.434782608696,0.523076923077,0.53781512605,0.440677966102,0.558510638298,0.666666666667,0.617647058824
Juan Pablo Brzezicki,0.0,0.0,0.333333333333,0.25,0.25,0.25,0.0
Juan Pablo Guzman,0.0,0.0,0.25,0.0,0.444444444444,0.333333333333,0.0
Julian Knowle,0.0,0.0,0.0,0.375,0.241379310345,0.272727272727,0.0
Julian Reister,0.0,0.0,0.166666666667,0.444444444444,0.25,0.375,0.0
Julien Benneteau,0.0,0.441860465116,0.443298969072,0.5,0.5,0.526315789474,0.526315789474
Julien Boutter,1.0,0.3,0.526315789474,0.133333333333,0.527777777778,0.294117647059,0.333333333333
Julien Jeanpierre,0.0,0.0,0.0,1.0,0.0,1.0,0.0
Julien Varlet,0.0,0.0,0.0,0.25,0.0,0.0,0.0
Julio Silva,0.0,0.0,0.0,0.0,0.333333333333,0.0,0.0
Jurgen Melzer,0.384615384615,0.4,0.573643410853,0.630769230769,0.573529411765,0.436974789916,0.433333333333
Jurgen Zopp,0.0,0.0,0.125,0.222222222222,0.533333333333,0.0,0.0
Justin Gimelstob,0.0,0.285714285714,0.411764705882,0.368421052632,0.354166666667,0.409090909091,0.5
KJ Hippensteel,0.0,0.0,0.0,0.0,0.5,0.0,0.0
Karan Rastogi,0.0,0.0,0.0,0.0,0.25,0.0,0.0
Karen Khachanov,1.0,0.181818181818,0.55,0.666666666667,0.58064516129,0.428571428571,0.5
Karim Alami,0.0,0.0,0.0,0.0,0.5,0.0,0.0
Karlis Lejnieks,0.0,0.0,0.0,0.0,1.0,0.0,0.0
Karol Beck,0.0,0.25,0.333333333333,0.344827586207,0.352941176471,0.448275862069,0.5
Karol Kucera,0.5,0.777777777778,0.375,0.736842105263,0.585365853659,0.354838709677,0.285714285714
Kei Nishikori,0.5,0.65671641791,0.626168224299,0.675675675676,0.768595041322,0.777777777778,0.478260869565
Kenneth Carlsen,1.0,0.4,0.348837209302,0.28,0.614285714286,0.346153846154,0.5
Kenny De Schepper,0.0,0.0,0.1875,0.357142857143,0.375,0.285714285714,0.0
Kevin Anderson,0.214285714286,0.407407407407,0.534653465347,0.659090909091,0.58041958042,0.684782608696,0.636363636364
Kevin Kim,0.0,0.0,0.166666666667,0.5,0.310344827586,0.379310344828,0.0
Konstantin Kravchuk,0.0,0.0,0.0,0.166666666667,0.315789473684,0.0,0.0
Konstantinos Economidis,0.0,0.0,0.0,0.2,0.0,0.0,0.0
Kristian Pless,0.0,0.285714285714,0.304347826087,0.318181818182,0.389830508475,0.3125,0.0
Kristof Vliegen,0.0,0.333333333333,0.394736842105,0.321428571429,0.463414634146,0.51724137931,0.2
Kyle Edmund,0.0,0.454545454545,0.647058823529,0.5,0.425,0.576923076923,0.0
Lamine Ouahab,0.0,0.0,0.333333333333,0.0,0.375,0.0,0.0
Lars Burgsmuller,0.8,0.875,0.272727272727,0.384615384615,0.32,0.333333333333,0.714285714286
Laslo Djere,0.0,0.5,0.4,0.0,0.625,0.0,0.0
Laurent Recouderc,0.0,0.0,0.0,0.25,0.125,0.5,0.0
Lee Childs,0.0,0.0,0.0,0.333333333333,0.0,0.0,0.0
Leonardo Mayer,0.5,0.318181818182,0.392857142857,0.552631578947,0.490384615385,0.511111111111,0.571428571429
Leonardo Tavares,0.0,0.0,0.0,0.0,0.333333333333,0.0,0.0
Leos Friedl,0.0,0.0,1.0,0.0,1.0,0.0,0.0
Liam Broady,0.0,0.0,1.0,0.5,0.5,0.0,0.0
Lionel Roux,0.0,0.0,0.0,0.0,0.0,1.0,0.0
Lleyton Hewitt,0.594594594595,0.604651162791,0.691056910569,0.75,0.739130434783,0.703703703704,0.654545454545
Lorenzo Sonego,0.0,0.0,0.0,1.0,0.0,0.0,0.0
Louis Wessels,0.0,0.0,0.0,0.0,1.0,0.0,0.0
Louk Sorensen,0.0,0.0,0.0,0.5,0.5,0.0,0.0
Lovro Zovko,0.0,0.0,0.0,0.0,0.5,0.0,0.0
Luca Vanni,0.0,1.0,0.5,0.0,0.0909090909091,0.5,1.0
Lucas Pouille,0.714285714286,0.705882352941,0.566666666667,0.444444444444,0.53488372093,0.608695652174,0.583333333333
Luis Horna,0.5,0.478260869565,0.52380952381,0.351351351351,0.446808510638,0.473684210526,0.181818181818
Luka Gregorc,0.0,1.0,0.5,0.0,0.4,0.666666666667,0.0
Lukas Dlouhy,0.0,0.0,0.153846153846,0.363636363636,0.433333333333,0.0833333333333,0.0
Lukas Lacko,0.0,0.0833333333333,0.342857142857,0.315789473684,0.448717948718,0.416666666667,1.0
Lukas Rosol,0.5,0.315789473684,0.422222222222,0.483870967742,0.432989690722,0.404255319149,0.666666666667
Lukasz Kubot,0.0,0.272727272727,0.255813953488,0.5,0.532467532468,0.289473684211,0.666666666667
Luke Saville,0.0,0.0,0.0,0.2,1.0,0.0,0.0
Mackenzie Mcdonald,0.0,0.0,0.0,0.333333333333,0.0,0.0,0.0
Magnus Larsson,0.0,0.333333333333,0.857142857143,0.0,0.636363636364,0.333333333333,0.0
Magnus Norman,0.0,0.285714285714,0.466666666667,0.0,0.46875,0.35,1.0
Malek Jaziri,0.0,0.285714285714,0.333333333333,0.478260869565,0.333333333333,0.483870967742,0.0
Marat Safin,0.4,0.538461538462,0.595238095238,0.771428571429,0.658914728682,0.651685393258,0.535714285714
Marc Gicquel,0.0,0.272727272727,0.55,0.375,0.5,0.392857142857,0.5
Marc Kevin Goellner,0.0,0.0,0.0,0.0,1.0,0.0,0.0
Marc Lopez,0.0,0.0,0.25,0.25,0.380952380952,0.5,0.0
Marc Rosset,0.0,0.0,0.428571428571,0.222222222222,0.466666666667,0.5,0.0
Marcel Felder,0.0,0.0,1.0,0.0,1.0,0.0,0.0
Marcel Granollers,0.571428571429,0.34375,0.367816091954,0.58,0.493055555556,0.397727272727,0.636363636364
Marcelo Demoliner,0.0,0.0,0.0,0.0,0.5,0.0,0.0
Marcelo Rios,0.0,0.666666666667,0.652173913043,0.8,0.589743589744,0.888888888889,0.3
Marco Cecchinato,0.0,0.0,0.5,0.0,0.117647058824,0.0,0.0
Marco Chiudinelli,0.0,0.25,0.137931034483,0.545454545455,0.420289855072,0.285714285714,0.0
Marco Trungelliti,0.0,0.0,0.0,0.75,0.5,0.0,0.0
Marcos Baghdatis,0.285714285714,0.546875,0.547008547009,0.655172413793,0.592391304348,0.510204081633,0.4
Marcos Daniel,0.0,0.4,0.416666666667,0.0555555555556,0.272727272727,0.428571428571,0.0
Marcus Sarstrand,0.0,0.0,1.0,0.0,0.666666666667,0.0,0.0
Marcus Willis,0.0,0.0,0.0,1.0,0.0,0.0,0.0
Mardy Fish,0.3,0.581818181818,0.597826086957,0.795918367347,0.583333333333,0.536082474227,0.625
Mariano Puerta,0.333333333333,0.625,0.4,0.555555555556,0.588235294118,0.4,0.6
Mariano Zabaleta,0.5,0.5,0.470588235294,0.285714285714,0.579545454545,0.488888888889,0.333333333333
Marin Cilic,0.548387096774,0.541666666667,0.68085106383,0.837209302326,0.678362573099,0.68932038835,0.596153846154
Marinko Matosevic,0.0,0.214285714286,0.56,0.285714285714,0.416666666667,0.458333333333,0.333333333333
Mario Ancic,0.272727272727,0.542857142857,0.546875,0.7,0.615384615385,0.727272727273,0.578947368421
Mario Radic,0.0,0.0,0.0,0.0,0.6,0.0,0.0
Marius Copil,0.0,0.166666666667,0.352941176471,0.125,0.5,0.5,1.0
Mark Hilton,0.0,0.0,0.0,0.5,0.0,0.0,0.0
Mark Nielsen,0.0,0.0,0.0,0.0,0.571428571429,0.0,0.0
Mark Philippoussis,0.333333333333,0.666666666667,0.5,0.666666666667,0.571428571429,0.355555555556,0.75
Markus Hipfl,0.0,0.0,0.555555555556,0.5,0.333333333333,0.428571428571,0.0
Marsel Ilhan,0.0,0.0,0.166666666667,0.6,0.214285714286,0.181818181818,0.0
Martin Alund,0.0,1.0,0.2,0.0,0.555555555556,0.0,0.0
Martin Damm,0.0,0.0,0.0,0.0,1.0,0.0,0.0
Martin Fischer,0.0,0.0,0.0,0.333333333333,0.0666666666667,0.0,0.0
Martin Klizan,1.0,0.52380952381,0.552631578947,0.518518518519,0.445945945946,0.295454545455,0.454545454545
Martin Lee,0.0,0.0,0.333333333333,0.125,0.333333333333,0.0,0.0
Martin Slanar,0.0,0.0,0.0,0.0,0.0,1.0,0.0
Martin Vassallo Arguello,0.0,0.25,0.181818181818,0.45,0.407407407407,0.285714285714,0.0
Martin Verkerk,0.333333333333,0.4,0.526315789474,0.307692307692,0.441860465116,0.5,0.75
Marton Fucsovics,0.0,0.0,0.166666666667,0.25,0.5,0.75,0.0
Mashiska Washington,0.0,0.0,0.0,0.0,1.0,0.0,0.0
Massimo Dellacqua,0.0,0.0,0.0,0.0,0.333333333333,0.0,0.0
Mate Delic,0.0,0.0,1.0,0.0,0.142857142857,0.0,0.0
Mate Pavic,0.0,0.0,0.0,0.0,0.3,0.0,0.0
Mathias Bourgue,0.0,0.0,0.0,0.5,0.0,0.0,0.0
Mathieu Montcourt,0.0,0.0,0.0,0.75,0.333333333333,0.0,0.0
Mathieu Rodrigues,0.0,0.0,0.0,0.0,1.0,0.0,0.0
Matias Boeker,0.0,0.0,0.0,0.0,0.333333333333,0.0,0.0
Matteo Berrettini,0.0,0.0,0.0,0.0,1.0,0.0,0.0
Matteo Donati,0.0,0.0,0.0,0.0,0.0,1.0,0.0
Matteo Viola,0.0,0.0,0.333333333333,0.0,0.375,0.0,0.0
Matthew Barton,0.0,0.0,0.0,1.0,1.0,0.0,0.0
Matthew Ebden,0.0,0.166666666667,0.25,0.409090909091,0.380952380952,0.375,1.0
Matthias Bachinger,0.0,0.5,0.266666666667,0.2,0.454545454545,0.0,0.0
Max Mirnyi,0.0,0.48275862069,0.483333333333,0.432432432432,0.566037735849,0.428571428571,0.142857142857
Maxime Teixeira,0.0,0.0,0.0,0.5,0.0,0.0,0.0
Maximilian Abel,0.0,0.0,0.0,0.0,0.2,0.25,0.0
Maximilian Marterer,0.0,0.0,1.0,0.5,0.0714285714286,0.5,0.0
Maximo Gonzalez,0.0,0.333333333333,0.5,0.285714285714,0.292682926829,0.363636363636,0.0
Mehdi Tahiri,0.0,0.0,0.0,0.0,0.25,0.0,0.0
Melle Van Gemerden,0.0,0.0,0.5,0.333333333333,0.666666666667,0.0,0.0
Michael Berrer,0.0,0.428571428571,0.325581395349,0.411764705882,0.438775510204,0.264705882353,0.333333333333
Michael Chang,0.0,0.0,0.0,0.333333333333,0.208333333333,0.375,0.0
Michael Joyce,0.0,0.0,0.0,0.0,0.333333333333,0.0,0.0
Michael Kohlmann,0.0,0.0,0.0625,0.0,0.470588235294,1.0,0.0
Michael Lammer,0.0,0.0,0.25,0.333333333333,0.307692307692,0.0,0.0
Michael Llodra,0.5,0.571428571429,0.444444444444,0.469696969697,0.508064516129,0.35632183908,0.625
Michael Mcclune,0.0,0.0,0.0,0.0,0.0,1.0,0.0
Michael Mmoh,0.0,0.0,1.0,0.0,0.25,0.0,0.0
Michael Russell,0.0,0.333333333333,0.243243243243,0.282051282051,0.4,0.393939393939,0.0
Michael Ryderstedt,0.0,0.5,0.4,0.0,0.454545454545,0.0,0.0
Michael Venus,0.0,0.0,0.0,0.0,0.142857142857,0.0,0.0
Michael Yani,0.0,1.0,0.5,0.0,0.285714285714,0.0,0.0
Michail Elgin,0.0,0.0,0.5,0.0,0.285714285714,0.0,0.0
Michal Mertinak,0.0,0.0,1.0,0.0,0.222222222222,0.0,0.0
Michal Przysiezny,0.0,0.333333333333,0.272727272727,0.333333333333,0.238095238095,0.111111111111,0.0
Michal Tabara,0.0,0.0,0.0909090909091,0.2,0.647058823529,0.25,0.0
Michel Kratochvil,0.0,0.571428571429,0.304347826087,0.538461538462,0.450980392157,0.411764705882,0.0
Miguel Angel Lopez Jaen,0.0,0.0,0.0,1.0,0.0,0.0,0.0
Mikael Ymer,0.0,0.0,0.0,0.0,0.2,0.0,0.0
Mike Bryan,0.0,0.0,0.0,0.0,0.2,1.0,0.0
Mikhail Kukushkin,0.333333333333,0.5,0.342857142857,0.5,0.368421052632,0.422222222222,0.5
Mikhail Ledovskikh,0.0,0.0,0.0,0.0,0.307692307692,0.0,0.0
Mikhail Youzhny,0.458333333333,0.46,0.602409638554,0.675324675325,0.540636042403,0.553333333333,0.5
Miljan Zekic,0.0,0.0,0.0,0.0,0.5,0.0,0.0
Milos Raonic,0.380952380952,0.58064516129,0.659574468085,0.892857142857,0.725490196078,0.777777777778,0.567567567568
Miloslav Mecir,0.0,0.0,0.0,0.0,0.5,0.0,0.0
Mirza Basic,1.0,0.666666666667,0.428571428571,1.0,0.875,0.0,0.5
Mischa Zverev,0.0,0.24,0.438596491228,0.310344827586,0.491071428571,0.333333333333,0.333333333333
Mitchell Krueger,0.0,0.0,0.0,0.0,0.0,0.5,0.0
Mohamed Safwat,0.0,0.0,0.0,0.0,0.333333333333,0.0,0.0
Mohammad Ghareeb,0.0,0.0,0.0,0.0,0.142857142857,0.0,0.0
Mounir El Aarej,0.0,0.0,0.0,0.0,0.4,0.0,0.0
Nathan Healey,0.0,0.0,0.0,0.666666666667,0.222222222222,0.4,0.0
Nenad Zimonjic,0.0,0.0,0.0,0.0,0.5,0.0,0.0
Neville Godwin,0.0,0.0,0.0,0.0,0.2,0.5,0.0
Nick Kyrgios,0.571428571429,0.736842105263,0.612903225806,0.75,0.571428571429,0.705882352941,0.5
Nick Lindahl,0.0,0.0,0.0,0.0,0.166666666667,0.0,0.0
Nicolas Almagro,0.565217391304,0.541176470588,0.608695652174,0.615384615385,0.572864321608,0.637931034483,0.5
Nicolas Coutelot,0.0,1.0,0.25,0.428571428571,0.444444444444,0.333333333333,0.0
Nicolas Devilder,0.0,0.0,0.153846153846,0.416666666667,0.424242424242,0.25,0.0
Nicolas Escude,0.6,0.5,0.695652173913,0.692307692308,0.638888888889,0.681818181818,0.625
Nicolas Jarry,0.0,0.0,0.333333333333,0.0,0.75,0.0,0.0
Nicolas Kicker,0.0,0.0,0.428571428571,0.5,0.538461538462,0.333333333333,0.0
Nicolas Kiefer,0.0,0.545454545455,0.52380952381,0.5,0.577981651376,0.591549295775,0.555555555556
Nicolas Lapentti,0.333333333333,0.380952380952,0.428571428571,0.571428571429,0.441441441441,0.458333333333,0.75
Nicolas Mahut,0.666666666667,0.375,0.369230769231,0.473684210526,0.469696969697,0.45,0.666666666667
Nicolas Massu,0.583333333333,0.473684210526,0.513513513514,0.487179487179,0.540145985401,0.474576271186,0.666666666667
Nicolas Renavand,0.0,0.0,0.0,0.0,1.0,0.0,0.0
Nicolas Thomann,0.0,1.0,0.25,0.5,0.285714285714,0.4,0.0
Nikola Cacic,0.0,0.0,0.0,0.0,1.0,0.0,0.0
Nikola Mektic,0.0,0.0,0.0,0.0,0.285714285714,0.0,0.0
Nikola Milojevic,0.0,0.0,0.0,0.0,1.0,0.0,0.0
Nikolay Davydenko,0.769230769231,0.541666666667,0.568047337278,0.698412698413,0.616858237548,0.519607843137,0.472727272727
Nikoloz Basilashvili,0.0,1.0,0.384615384615,0.333333333333,0.40625,0.416666666667,0.4
Nils Langer,0.0,0.0,0.0,0.0,0.5,0.0,0.0
Noah Rubin,0.0,0.0,0.0,0.5,0.25,0.0,0.0
Noam Okun,0.0,0.0,0.2,0.333333333333,0.441176470588,0.294117647059,0.0
Norbert Gombos,0.0,0.0,0.5,0.0,0.2,0.0,0.0
Novak Djokovic,0.69387755102,0.820512820513,0.875706214689,0.944444444444,0.904761904762,0.876543209877,0.725925925926
Oleg Ogorodov,0.0,0.0,0.0,1.0,0.25,0.5,0.0
Oliver Gross,0.0,0.0,0.0,0.0,0.5,0.0,0.0
Oliver Marach,0.0,0.0,0.3,0.0,0.454545454545,0.333333333333,0.0
Olivier Mutis,0.0,0.0,0.333333333333,0.428571428571,0.391304347826,0.428571428571,0.0
Olivier Patience,0.0,0.5,0.166666666667,0.266666666667,0.333333333333,0.545454545455,0.0
Olivier Rochus,0.1,0.463414634146,0.506172839506,0.466666666667,0.48502994012,0.425287356322,0.526315789474
Omar Jasika,0.0,0.0,0.0,0.5,0.0,0.0,0.0
Oscar Hernandez,0.0,0.2,0.5,0.2,0.348837209302,0.416666666667,0.0
Ota Fukarek,0.0,0.0,0.0,0.0,0.2,0.0,0.0
Pablo Andujar,0.428571428571,0.52380952381,0.446808510638,0.428571428571,0.333333333333,0.42,0.636363636364
Pablo Carreno Busta,0.5,0.5,0.577777777778,0.434782608696,0.513513513514,0.5,0.461538461538
Pablo Cuevas,0.666666666667,0.485714285714,0.522388059701,0.5,0.571428571429,0.396226415094,0.529411764706
Paolo Lorenzi,0.25,0.333333333333,0.375,0.305555555556,0.408163265306,0.368421052632,0.666666666667
Paradorn Srichaphan,0.428571428571,0.666666666667,0.633802816901,0.58064516129,0.601694915254,0.507692307692,0.466666666667
Patrik Rosenholm,0.0,0.0,0.0,0.0,0.5,0.0,0.0
Paul Baccanello,0.0,0.0,0.0,0.5,0.2,0.0,0.0
Paul Capdeville,0.0,0.2,0.333333333333,0.4375,0.355555555556,0.3125,0.0
Paul Goldstein,0.0,0.5,0.227272727273,0.571428571429,0.564102564103,0.263157894737,0.0
Paul Henri Mathieu,0.5,0.5,0.433628318584,0.5,0.518691588785,0.477064220183,0.48
Pavol Cervenak,0.0,0.0,0.666666666667,0.0,0.75,0.0,0.0
Pedro Sousa,0.0,0.0,0.0,0.0,0.166666666667,0.0,0.0
Peng Sun,0.0,0.0,0.0,0.0,0.25,0.0,0.0
Pere Riba,0.0,0.0,0.0714285714286,0.285714285714,0.358974358974,0.263157894737,0.0
Petar Jelenic,0.0,0.0,0.0,0.0,1.0,0.0,0.0
Pete Sampras,0.5,1.0,0.428571428571,0.75,0.636363636364,0.666666666667,0.666666666667
Peter Gojowczyk,1.0,0.5,0.5,0.555555555556,0.631578947368,0.142857142857,0.333333333333
Peter Luczak,0.0,0.25,0.235294117647,0.25,0.352941176471,0.4,0.0
Peter Polansky,0.0,0.0,0.0,0.111111111111,0.142857142857,0.454545454545,0.0
Peter Wessels,0.0,0.333333333333,1.0,0.6,0.214285714286,0.2,1.0
Philip Davydenko,0.0,0.0,0.0,0.0,0.5,0.0,0.0
Philipp Kohlschreiber,0.421052631579,0.438202247191,0.55625,0.633333333333,0.596412556054,0.588709677419,0.435897435897
Philipp Oswald,0.0,0.0,0.0,0.0,0.333333333333,0.0,0.0
Philipp Petzschner,0.333333333333,0.666666666667,0.375,0.653846153846,0.43661971831,0.342857142857,0.375
Phillip King,0.0,0.0,0.0,0.0,0.0,1.0,0.0
Pierre Hugues Herbert,0.0,0.5,0.266666666667,0.4375,0.481481481481,0.285714285714,0.5
Pierre Ludovic Duclos,0.0,0.0,0.0,0.0,0.5,0.0,0.0
Potito Starace,0.0,0.294117647059,0.507462686567,0.195652173913,0.5234375,0.511111111111,0.4
Prakash Amritraj,0.0,0.5,0.25,0.0,0.4,1.0,1.0
Quentin Halys,0.0,0.0,0.0,0.333333333333,0.375,0.0,0.0
Radek Stepanek,0.384615384615,0.527777777778,0.558139534884,0.619047619048,0.623762376238,0.586956521739,0.315789473684
Radu Albot,0.0,0.0,0.111111111111,0.25,0.333333333333,0.333333333333,0.0
Raemon Sluiter,0.0,0.333333333333,0.4,0.392857142857,0.461538461538,0.344827586207,0.5
Rafael Arevalo,0.0,0.0,0.0,0.0,0.0,1.0,0.0
Rafael Nadal,0.675675675676,0.754010695187,0.882075471698,0.961538461538,0.890829694323,0.891304347826,0.760273972603
Rainer Eitzinger,0.0,0.0,0.0,0.0,0.166666666667,1.0,0.0
Rainer Schuettler,0.166666666667,0.415094339623,0.602272727273,0.490196078431,0.526946107784,0.423529411765,0.227272727273
Rajeev Ram,0.666666666667,0.625,0.32,0.291666666667,0.409836065574,0.269230769231,0.6
Ramkumar Ramanathan,0.0,0.0,0.5,0.0,0.444444444444,0.5,0.0
Ramon Delgado,0.0,0.5,0.5,0.375,0.228571428571,0.291666666667,0.0
Raven Klaasen,0.0,0.0,0.333333333333,0.0,0.75,0.0,0.0
Razvan Sabau,0.0,1.0,0.4,0.0,0.208333333333,0.6,0.0
Reda El Amrani,0.0,0.0,0.5,0.0,0.285714285714,0.0,0.0
Reilly Opelka,0.0,1.0,0.333333333333,0.0,0.375,0.25,0.0
Renzo Furlan,0.0,0.0,0.0,1.0,0.0,0.5,0.0
Renzo Olivo,0.0,0.2,0.416666666667,0.333333333333,0.631578947368,0.0,0.0
Rhyne Williams,0.0,0.5,0.5,0.0,0.571428571429,0.0,0.0
Ricardas Berankis,0.0,0.1875,0.5,0.375,0.553571428571,0.222222222222,0.666666666667
Ricardo Hocevar,0.0,0.0,0.0,0.0,0.2,0.0,0.0
Ricardo Mello,0.5,0.714285714286,0.35,0.423076923077,0.377358490566,0.142857142857,0.4
Ricardo Ojeda Lara,0.0,0.0,1.0,0.0,1.0,0.0,0.0
Richard Bloomfield,0.0,1.0,1.0,0.25,0.166666666667,0.0,0.0
Richard Gasquet,0.48275862069,0.575757575758,0.56,0.678571428571,0.671232876712,0.8,0.508771929825
Richard Krajicek,0.0,0.0,0.4,0.6,0.555555555556,0.7,0.0
Rik De Voest,0.0,0.0,0.0909090909091,0.363636363636,0.478260869565,0.222222222222,0.0
Robby Ginepri,0.75,0.433333333333,0.44776119403,0.408163265306,0.496240601504,0.520547945205,0.230769230769
Robert Farah,0.0,0.0,0.0,0.0,0.4,1.0,0.0
Robert Kendrick,0.0,0.5,0.25,0.285714285714,0.340425531915,0.3,0.0
Robert Smeets,0.0,0.0,0.0,0.25,0.0,0.0,0.0
Roberto Bautista Agut,0.538461538462,0.666666666667,0.475609756098,0.851851851852,0.626262626263,0.745762711864,0.5
Roberto Carballes Baena,1.0,0.5,0.444444444444,0.0,0.692307692308,0.2,0.5
Roberto Quiroz,0.0,0.0,0.0,0.0,1.0,0.0,0.0
Robin Haase,0.4,0.444444444444,0.507042253521,0.403846153846,0.496453900709,0.344827586207,0.3125
Robin Soderling,0.52380952381,0.553846153846,0.714285714286,0.702702702703,0.615384615385,0.633802816901,0.540540540541
Robin Vik,0.0,0.333333333333,0.272727272727,0.25,0.5,0.2,0.0
Rodolphe Cadart,0.0,0.0,1.0,0.0,0.25,0.0,0.0
Roger Federer,0.669014084507,0.837438423645,0.863829787234,0.924242424242,0.917695473251,0.922413793103,0.771739130435
Rogerio Dutra Silva,0.0,0.0,0.2,0.333333333333,0.285714285714,0.222222222222,0.0
Rogier Wassen,0.0,0.0,0.0,0.0,0.25,0.0,0.0
Rohan Bopanna,0.0,0.0,0.25,0.0,0.266666666667,0.0,0.0
Roko Karanusic,0.0,0.0,0.25,0.333333333333,0.16,0.375,0.0
Romain Jouan,0.0,0.0,0.0,0.0,0.5,0.0,0.0
Ruben Bemelmans,0.0,0.333333333333,0.375,0.307692307692,0.347826086957,0.5,0.0
Ruben Ramirez Hidalgo,0.0,0.357142857143,0.378378378378,0.16,0.381443298969,0.263157894737,0.0
Rui Machado,0.0,0.0,0.222222222222,0.181818181818,0.36,0.0,0.0
Ryan Harrison,0.333333333333,0.666666666667,0.46875,0.475,0.378048780488,0.431818181818,0.3
Ryan Sweeting,1.0,0.333333333333,0.272727272727,0.409090909091,0.363636363636,0.352941176471,1.0
Ryler Deheart,0.0,0.0,0.0,1.0,0.0,0.0,0.0
Salvador Navarro,0.0,0.0,0.0,0.0,0.0,0.5,0.0
Sam Querrey,0.555555555556,0.614035087719,0.51376146789,0.637931034483,0.542857142857,0.563106796117,0.485714285714
Sam Warburg,0.0,0.0,0.0,0.6,0.4,0.0,0.0
Samuel Groth,0.0,0.2,0.277777777778,0.352941176471,0.473684210526,0.428571428571,0.0
Santiago Giraldo,0.0,0.321428571429,0.459016393443,0.395833333333,0.526785714286,0.365079365079,0.222222222222
Santiago Gonzalez,0.0,0.0,0.0,0.0,0.166666666667,0.0,0.0
Santiago Ventura,1.0,0.571428571429,0.333333333333,0.0833333333333,0.466666666667,0.333333333333,0.25
Sargis Sargsian,0.0,0.1,0.37037037037,0.56,0.421875,0.4375,1.0
Sasa Tuksar,0.0,0.0,0.0,0.0,0.25,0.0,0.0
Satoshi Iwabuchi,0.0,0.0,0.0,0.0,0.2,0.4,0.0
Scott Draper,0.0,0.0,0.428571428571,0.307692307692,0.7,0.272727272727,0.0
Scott Oudsema,0.0,0.0,0.0,0.0,0.333333333333,0.0,0.0
Scoville Jenkins,0.0,0.0,0.0,0.166666666667,0.5,0.5,0.0
Sebastian Decoud,0.0,0.0,0.5,1.0,0.666666666667,0.0,0.0
Sebastian Ofner,0.0,1.0,1.0,1.0,0.333333333333,1.0,0.0
Sebastian Rieschick,0.0,0.0,0.0,0.0,1.0,0.0,0.0
Sebastien De Chaunac,0.0,0.0,0.4,0.75,0.277777777778,0.333333333333,0.0
Sebastien Grosjean,0.428571428571,0.418604651163,0.68253968254,0.823529411765,0.5625,0.5625,0.388888888889
Sergei Bubka,0.0,0.0,0.0,0.666666666667,0.375,0.0,0.0
Sergi Bruguera,0.0,0.0,0.0,0.0,0.0,1.0,0.0
Sergio Gutierrez Ferrol,0.0,0.0,1.0,0.0,0.5,0.0,0.0
Sergio Roitman,0.0,0.0,0.133333333333,0.0,0.375,0.666666666667,0.0
Sergiy Stakhovsky,1.0,0.315789473684,0.322033898305,0.533333333333,0.437037037037,0.433962264151,0.666666666667
Shao Xuan Zeng,0.0,0.0,0.0,0.0,0.0,0.5,0.0
Simon Greul,0.0,0.2,0.192307692308,0.294117647059,0.565217391304,0.315789473684,0.0
Simon Larose,0.0,0.0,0.0,1.0,0.0,0.2,0.0
Simon Stadler,0.0,0.0,0.0,0.333333333333,0.428571428571,0.666666666667,0.0
Simone Bolelli,0.0,0.214285714286,0.358974358974,0.585365853659,0.393939393939,0.433333333333,0.333333333333
Simone Vagnozzi,0.0,0.0,0.0,0.0,0.5,1.0,0.0
Sjeng Schalken,0.5,0.454545454545,0.478260869565,0.8,0.575,0.567567567568,0.4
Slimane Saoudi,0.0,0.0,0.0,0.0,1.0,0.0,0.0
Somdev Devvarman,0.0,0.333333333333,0.24,0.470588235294,0.531914893617,0.285714285714,1.0
Stanislas Wawrinka,0.571428571429,0.606741573034,0.605442176871,0.833333333333,0.619289340102,0.745762711864,0.491228070175
Stefan Koubek,0.0,0.266666666667,0.263157894737,0.435897435897,0.495652173913,0.403225806452,0.5
Stefan Kozlov,0.0,0.0,0.25,0.0,0.333333333333,0.0,0.0
Stefano Galvani,0.0,0.0,0.166666666667,0.333333333333,0.464285714286,0.357142857143,0.0
Stefano Ianni,0.0,0.0,0.0,0.0,1.0,0.0,0.0
Stefano Napolitano,0.0,0.0,0.0,1.0,0.0,0.0,0.0
Stefano Pescosolido,0.0,0.0,0.0,1.0,0.5,0.0,0.0
Stefano Travaglia,0.0,0.0,0.0,0.5,0.666666666667,0.0,0.0
Stefanos Tsitsipas,0.0,0.5,1.0,0.0,0.181818181818,1.0,0.0
Stephane Bohli,0.0,0.0,0.0,0.0,0.117647058824,0.0,0.0
Stephane Robert,0.0,1.0,0.214285714286,0.384615384615,0.378378378378,0.24,0.333333333333
Steve Darcis,0.666666666667,0.235294117647,0.435897435897,0.428571428571,0.513513513514,0.354838709677,0.75
Steve Johnson,0.666666666667,0.310344827586,0.56862745098,0.464285714286,0.542168674699,0.575,0.333333333333
Steven Diez,0.0,0.0,0.0,0.0,0.0,0.5,0.0
Takahiro Terachi,0.0,0.0,0.0,0.0,0.0,0.333333333333,0.0
Takao Suzuki,0.0,0.0,0.142857142857,0.666666666667,0.583333333333,0.461538461538,0.0
Taro Daniel,0.0,0.0,0.25,0.333333333333,0.307692307692,0.333333333333,0.0
Tasuku Iwami,0.0,0.0,0.0,0.0,0.0,0.333333333333,0.0
Tatsuma Ito,0.0,0.0,0.222222222222,0.266666666667,0.58064516129,0.0909090909091,0.0
Taylor Dent,0.5,0.578947368421,0.345454545455,0.7,0.529411764706,0.634615384615,0.545454545455
Taylor Harry Fritz,0.0,0.166666666667,0.545454545455,0.363636363636,0.478260869565,0.5,1.0
Tennys Sandgren,0.0,0.0,0.5,0.333333333333,0.285714285714,1.0,0.0
Teymuraz Gabashvili,0.0,0.0588235294118,0.320754716981,0.431818181818,0.423076923077,0.293103448276,0.0
Thanasi Kokkinakis,0.0,1.0,0.125,0.363636363636,0.421052631579,0.4,1.0
Thiago Alves,0.0,1.0,0.25,0.428571428571,0.285714285714,0.25,0.0
Thiago Monteiro,0.0,0.2,0.416666666667,0.333333333333,0.545454545455,0.2,0.0
Thiemo De Bakker,0.0,0.5,0.260869565217,0.35,0.389830508475,0.714285714286,0.0
Thierry Ascione,0.0,0.0,0.333333333333,0.2,0.272727272727,0.454545454545,0.0
Thomas Blake,0.0,0.0,0.0,0.0,0.5,0.666666666667,0.0
Thomas Enqvist,1.0,0.333333333333,0.571428571429,0.608695652174,0.411764705882,0.461538461538,0.5
Thomas Fabbiano,0.0,0.0,0.166666666667,0.142857142857,0.333333333333,0.142857142857,0.0
Thomas Johansson,0.5,0.516129032258,0.543859649123,0.612903225806,0.542056074766,0.540983606557,0.4375
Thomas Schiessling,0.0,0.0,0.0,0.0,0.0,0.666666666667,0.0
Thomas Schoorel,0.0,0.0,0.0,1.0,0.0,0.0,0.0
Thomaz Bellucci,0.5,0.45,0.588235294118,0.511111111111,0.487394957983,0.37037037037,0.421052631579
Tim Henman,0.333333333333,0.575,0.625,0.8,0.744186046512,0.63768115942,0.521739130435
Tim Puetz,0.0,0.0,0.0,0.5,0.0,0.0,0.0
Tim Smyczek,0.0,0.0,0.2,0.48,0.357142857143,0.291666666667,0.0
Tobias Clemens,0.0,0.0,1.0,0.0,0.5,0.0,0.0
Tobias Kamke,0.0,0.125,0.228571428571,0.357142857143,0.514705882353,0.363636363636,0.0
Tobias Summerer,0.0,0.0,0.0,0.0,0.25,0.0,0.0
Todd Larkham,0.0,0.0,0.0,0.166666666667,1.0,0.0,0.0
Todd Martin,0.0,0.153846153846,0.619047619048,0.736842105263,0.6,0.5625,0.0
Todd Reid,0.0,0.0,0.5,0.25,0.285714285714,0.857142857143,0.0
Todd Widom,0.0,0.0,0.333333333333,1.0,0.75,0.0,0.0
Tomas Behrend,0.0,0.142857142857,0.5,0.0769230769231,0.388888888889,0.5,0.0
Tomas Berdych,0.40625,0.540145985401,0.665048543689,0.813559322034,0.743801652893,0.775862068966,0.413333333333
Tomas Cakl,0.0,0.0,0.0,0.0,0.375,0.0,0.0
Tomas Tenconi,0.0,0.0,0.0,0.0,1.0,0.0,0.0
Tomas Zib,0.0,0.666666666667,0.230769230769,0.3125,0.317073170732,0.333333333333,0.0
Tommy Haas,0.647058823529,0.58024691358,0.571428571429,0.711538461538,0.646153846154,0.721153846154,0.340425531915
Tommy Paul,0.0,0.0,0.666666666667,0.0,0.5,1.0,0.0
Tommy Robredo,0.52380952381,0.505050505051,0.51832460733,0.758064516129,0.629496402878,0.724137931034,0.42
Toshihide Matsui,0.0,0.0,0.0,0.0,1.0,0.0,0.0
Travis Rettenmaier,0.0,0.0,0.0,0.0,1.0,0.0,0.0
Tristan Lamasine,0.0,0.0,0.0,0.0,0.333333333333,0.0,0.0
Tuomas Ketola,0.0,0.0,0.0,0.25,0.714285714286,0.0,0.0
Uros Vico,0.0,0.0,0.0,0.0,0.5,0.0,0.0
Vadim Kutsenko,0.0,0.0,0.0,0.5,0.666666666667,0.0,0.0
Vasek Pospisil,0.0,0.428571428571,0.378378378378,0.392857142857,0.492753623188,0.404761904762,0.166666666667
Victor Crivoi,0.0,0.0,0.142857142857,0.5,0.291666666667,0.4,0.0
Victor Estrella,1.0,0.666666666667,0.352941176471,0.263157894737,0.394736842105,0.5,0.75
Victor Hanescu,0.2,0.411764705882,0.430379746835,0.491228070175,0.503225806452,0.388888888889,0.333333333333
Viktor Troicki,0.454545454545,0.46,0.51,0.755555555556,0.505813953488,0.54,0.391304347826
Vincent Millot,0.0,0.0,0.25,0.333333333333,0.4,0.0,0.0
Vincent Spadea,0.333333333333,0.454545454545,0.534482758621,0.525,0.475409836066,0.40625,0.2
Vladimir Voltchkov,0.0,0.571428571429,0.7,0.428571428571,0.588235294118,0.0,0.5
Wayne Arthurs,0.333333333333,0.3125,0.421052631579,0.444444444444,0.5,0.446808510638,0.6
Wayne Black,0.0,0.0,0.0,0.0,0.2,0.0,0.0
Wayne Ferreira,1.0,0.25,0.461538461538,0.65,0.553191489362,0.71875,0.333333333333
Wayne Odesnik,0.0,0.428571428571,0.411764705882,0.285714285714,0.472222222222,0.428571428571,0.333333333333
Werner Eschauer,0.0,1.0,0.25,0.333333333333,0.210526315789,0.222222222222,1.0
Wesley Moodie,1.0,0.571428571429,0.411764705882,0.384615384615,0.333333333333,0.578947368421,0.25
Wesley Whitehouse,0.0,0.0,0.0,0.0,0.2,0.75,0.0
Woong Sun Jun,0.0,0.0,0.0,0.0,0.166666666667,0.0,0.0
Xavier Malisse,0.375,0.5,0.5375,0.645161290323,0.484662576687,0.490384615385,0.363636363636
Yan Bai,0.0,0.0,0.0,0.0,0.25,0.5,0.0
Yann Marti,0.0,0.0,0.0,0.0,0.4,0.0,0.0
Yannick Hanfmann,0.0,0.5,0.5,0.0,0.6,0.0,1.0
Yannick Maden,0.0,0.0,0.0,0.0,0.333333333333,0.0,0.0
Yannick Mertens,0.0,0.0,0.0,0.0,0.5,0.0,0.0
Yasutaka Uchiyama,0.0,0.0,0.0,0.0,0.25,0.0,0.0
Yen Hsun Lu,0.0,0.142857142857,0.35593220339,0.446153846154,0.449612403101,0.390243902439,0.333333333333
Yevgeny Kafelnikov,1.0,0.5625,0.533333333333,0.916666666667,0.612244897959,0.5,0.444444444444
Yoshihito Nishioka,0.0,0.25,0.571428571429,0.545454545455,0.466666666667,0.333333333333,0.0
Younes El Aynaoui,0.545454545455,0.461538461538,0.702702702703,0.625,0.528571428571,0.447368421053,0.916666666667
Yu Jr Wang,0.0,0.0,0.0,0.0,0.333333333333,0.0,0.0
Yuichi Sugita,1.0,0.285714285714,0.5,0.428571428571,0.424242424242,0.277777777778,0.5
Yuki Bhambri,0.0,0.0,0.285714285714,0.0,0.636363636364,1.0,0.0
Yuri Schukin,0.0,0.5,0.4,1.0,0.3125,0.6,0.0
Yves Allegro,0.0,0.0,0.666666666667,0.0,0.3,0.0,0.0
Zack Fleishman,0.0,0.0,0.25,0.333333333333,0.333333333333,0.333333333333,0.0
Ze Zhang,0.0,0.0,0.25,0.0,0.4,0.0,0.0
Zeljko Krajan,0.0,1.0,0.285714285714,0.0,0.291666666667,0.4,0.0
Zhizhen Zhang,0.0,0.0,0.5,0.0,1.0,0.0,0.0
